text,label,source
"Apple (NasdaqGS:AAPL) Sees 10% Price Dip Despite Launch Of MacBook Air With M4 Chip. Apple (NasdaqGS:AAPL) recently rolled out several innovative products, such as the MacBook Air with the M4 chip and the high-performance M3 Ultra chip. Despite these advancements, Apple's stock saw a 10% decrease over the past month. This downward trend coincides with the broader market's four-week slump, driven by economic uncertainties and the impact of new tariffs. Although Apple's announcements, including the iPhone 16e and its investment plans in the U.S., aimed to bolster its position,...",neutral,Yahoo Finance
"Tech Support: Apple’s MacBook Air is $100 cheaper and still among the best laptops you can buy. Apple’s latest MacBook Air is here, bringing the company’s newest processor, the M4, to its bestselling line of laptops. The updated Air, available in both 13-inch and 15-inch models, also gets an extremely rare feature for a modern gadget: a $100 price cut.",neutral,Yahoo Finance
Apple is quietly planning to add genius new feature to AirPods. The tech giant is cooking up a major update that would give AirPods a competitive edge.,neutral,Yahoo Finance
"Amazon pays Trump, Intel's new CEO, and China's AI agent: Tech news roundup. In the past year, artificial intelligence leaders have talked about the advent of agents that can do work autonomously. Now, China says it has developed the world’s first.",neutral,Yahoo Finance
"Jim Cramer on Apple Inc. (AAPL): ‘I Hear That People Are Cutting Back’. We recently published an article titled Jim Cramer Talked About These 7 Stocks Recently. In this article, we are going to take a look at where Apple Inc. (NASDAQ:AAPL) stands against the other stocks Jim Cramer recently discussed. Jim Cramer, the host of Mad Money, expressed frustration on Thursday over the negative outlook he believes the […]",neutral,Yahoo Finance
"Billionaire Warren Buffett's Artificial Intelligence (AI) Investing Strategy May Surprise You. In recent years, artificial intelligence (AI) stocks have led the market higher.  Right now, Buffett's holding company, Berkshire Hathaway, has several big investments in companies that are exposed to the AI revolution.  Consider Berkshire's investment in Apple (NASDAQ: AAPL).",neutral,Yahoo Finance
"Citi Removes Apple Inc. (AAPL) from Catalyst Watch, Maintains ‘Buy’ Amid Siri Delay. We recently compiled a list of the 10 High Flying AI Stocks This Week. In this article, we are going to take a look at where Apple Inc. (NASDAQ:AAPL) stands against the other AI stocks. Celestial AI™, creator of the Photonic Fabric™ optical interconnect technology platform, recently announced that it has raised an additional $250 million […]",neutral,Yahoo Finance
"Apple (AAPL) Rises But Trails Market: What Investors Should Know. Apple (AAPL) concluded the recent trading session at $213.49, signifying a +1.82% move from its prior day's close.",neutral,Yahoo Finance
"Antitrust under Trump: Regulators lock in on Big Tech. Antitrust regulators aren't backing down from cases against Big Tech names like Alphabet (GOOG, GOOGL), Meta Platforms (META), Apple (AAPL), Amazon (AMZN), and Microsoft (MSFT) under President Donald Trump's second term. Yahoo Finance Senior Legal Reporter Alexis Keenan joins Market Domination Overtime with Julie Hyman and Myles Udland to break down the US government's ongoing antitrust cases against Big Tech names. To watch more expert insights and analysis on the latest market action, check out more Market Domination Overtime here.",neutral,Yahoo Finance
"This is the Magnificent 7 stock to buy on the dip, strategist says. The ""Magnificent Seven"" stocks haven't been immune to the overall market decline. BMO Capital Markets Chief investment Strategist Brian Belski says there's one Mag 7 stock he would buy on the dip. Find out what it is in the video above. To watch more expert insights and analysis on the latest market action, check out more Catalysts here.",neutral,Yahoo Finance
"Apple Inc. (AAPL) Faces Sluggish Growth as iPhone 16 Demand Disappoints, Analysts Warn. We recently published a list of 10 AI Stocks On Wall Street’s Radar. In this article, we are going to take a look at where Apple Inc. (NASDAQ:AAPL) stands against other AI stocks that are on Wall Street’s radar today. Unlike other companies, OpenAI does not struggle with market demand; noted Oliver Jay, managing director […]",neutral,Yahoo Finance
"The Mag 7 Stocks Have Gotten Crushed. Buy These 4 Now.. Amazon.com may be the best bet among the Magnificent Seven. These other three stocks look attractive, too.",neutral,Yahoo Finance
"Apple’s Siri Chief Calls AI Delays Ugly and Embarrassing, Promises Fixes. (Bloomberg) -- Apple Inc.’s top executive overseeing its Siri virtual assistant told staff that delays to key features have been ugly and embarrassing, and a decision to publicly promote the technology before it was ready made matters worse.Most Read from BloombergTrump DEI Purge Hits Affordable Housing GroupsElectric Construction Equipment Promises a Quiet RevolutionHow Britain’s Most Bike-Friendly New Town Got BuiltICE Eyes Massive California Tent Facility Amid Space ConstraintsThe Dark Prophe",neutral,Yahoo Finance
"Magnificent Seven Stocks: Nvidia, Meta, Tesla Rally. Dubbed the Magnificent Seven stocks, Apple, Microsoft, Google parent Alphabet, Amazon.com, Nvidia, Meta Platforms and Tesla lived up to their name in 2024 with solid gains. Through the first two months of 2025, however, performance for these mega-cap stocks has been mostly negative thus far.",neutral,Yahoo Finance
"Apple (NasdaqGS:AAPL) Sees 10% Price Dip As New Product Launches Unveiled. Apple (NasdaqGS:AAPL) recently introduced new products, including the MacBook Air and Mac Studio, both boasting cutting-edge M4 and M3 Ultra chips, adding to its lineup of innovative technology. Despite these launches, the company experienced a 10% decline in its share price over the past month. The decline could be partially explained by broader market trends; the Nasdaq Composite has fallen nearly 5% over the same period, driven by economic concerns and inflation fears stemming from recent...",neutral,Yahoo Finance
"ChatGPT: Everything you need to know about the AI-powered chatbot. ChatGPT, OpenAI’s text-generating AI chatbot, has taken the world by storm since its launch in November 2022. What started as a tool to supercharge productivity through writing essays and code with short text prompts has evolved into a behemoth with 300 million weekly active users. 2024 was a big year for OpenAI, from its partnership with Apple for its generative AI offering, Apple Intelligence, the release of GPT-4o with voice capabilities, and the highly-anticipated launch of its text-to-video",neutral,Yahoo Finance
"Apple Cleared for iPhone 16 Sales in Indonesia--But One Last Permit Stands in the Way. Apple secures key permits, but one last hurdle could make or break its comeback in a massive market.",neutral,Yahoo Finance
"Stock Market Corrections: How To Sell Stocks, Manage Risk And Prepare For Next Uptrend. How can you handle stock market corrections? Use 4 proven guidelines to stay protected and get ready to profit in the next uptrend.",neutral,Yahoo Finance
Stock Market Correction Fears? Face Them With This Correction Checklist That Helps Gauge Its Severity. Not all market corrections act the same way. Look for these five key checkpoints to help gauge the severity and help you react appropriately.,neutral,Yahoo Finance
"Jim Cramer Says Short Sellers Are Eyeing Apple (AAPL) – Should Investors Worry?. We recently published a list of Jim Cramer Discussed These 7 Stocks. In this article, we are going to take a look at where Apple Inc. (NASDAQ:AAPL) stands against other stocks that Jim Cramer discussed. Jim Cramer, host of Mad Money, advised investors on Monday against exiting the market entirely, despite the sharp sell-off that […]",neutral,Yahoo Finance
"Goodbye to 'bags fly free' on Southwest Airlines, the last freebie in America. Southwest's customer-focused business model won it a loyal following during its half-century of flying.",neutral,CNBC
Trump administration sends a clear message to the oil and gas industry: 'You're the customer'. The officials leading Trump's energy agenda downplayed climate change and called for more energy production to support economic growth and national security.,neutral,CNBC
Goldman Sachs offers its newest option for downside protection in volatile markets. Goldman Sachs Asset Management launched its newest buffer exchange-traded fund this month.,neutral,CNBC
"After Elon Musk’s Delaware exit, state lawmakers weigh bill to overhaul corporate law. Delaware lawmakers are considering a bill that aims to make the state attractive to investors and executives.",neutral,CNBC
"From Polaroid to vinyl, Gen Z is making retro tech one of 2025’s biggest trends: ‘These things just have more value’. Young people are looking to unplug now more than ever before.",neutral,CNBC
"$1.5 million is the 'magic number' for retirement savings—here's how long it lasts in every U.S. state. In Hawaii, $1.5 million in savings may not last through retirement, but in West Virginia, it could stretch for 54 years.",neutral,CNBC
"Y Combinator startups are fastest growing, most profitable in fund history because of AI. Y Combinator CEO Garry Tan says for about a quarter of the current YC startups, 95% of the code was written by artificial intelligence models.",neutral,CNBC
Trump’s Canadian tariffs are having a chilling effect on Vermont’s small business owners. The Green Mountain State's small businesses are getting caught in the tariff crossfire between the United States and Canada.,neutral,CNBC
JPMorgan says own this drug stock. It's one Jim Cramer is itching to buy again. The Club remains optimistic about Bristol Myers and shares JPMorgan's enthusiasm about Cobenfy.,neutral,CNBC
How activist Mantle Ridge's presence at Cognizant can help lift the company's valuation. Signals suggest that Mantle Ridge likes Cognizant's new leadership and supports the board's actions. The Street may come to appreciate the stock.,neutral,CNBC
"Intel's new CEO receives $66 million in options and stock grants on top of $1 million salary. Lip-Bu Tan, who was named CEO of Intel this week, will receive $1 million in salary and about $66 million in stocks and grants vesting over the coming years.",neutral,CNBC
"Americans lost $5.7 billion to investment scams in 2024, FTC says. Here's how to protect yourself. Americans lost $5.7 billion to investment fraud in 2024, up 24% from 2023, according to the Federal Trade Commission.",neutral,CNBC
"Mark Cuban: Companies can either be 'great at AI' or risk being 'put out of business'. Mark Cuban says AI is already dominating the business world, just like personal computers once did — and companies that don't understand it will be left behind.",neutral,CNBC
"‘We are facing an epidemic of demoralization,’ says happiness expert—here’s how to fight that feeling. We often mistake demoralization for depression, but it's distinct. ""It often appears first, as a warning sign,"" says Stephanie Harrison, author of ""The New Happy.""",neutral,CNBC
"Harvard negotiation expert: People who are good at handling conflict do this 1 thing. Trying to solve conflict strips the interaction of its value, experts say.",neutral,CNBC
"33-year-old's side hustle once made just $2 an hour—now it's a business bringing in $369,000 a month. Penny Linn Designs CEO Krista LeRay turned her barely profitable side hustle into a business that brings in millions in annual revenue. Here's how she did it.",neutral,CNBC
"Cramer's week ahead: Fed meeting and earnings from FedEx, Micron and General Mills. CNBC's Jim Cramer walked investors through next week on Wall Street.",neutral,CNBC
"U.S. consumers are starting to crack as tariffs add to inflation, recession concerns. Airline and retail executives are bracing for a slowdown in demand amid concerns tariffs will cut down consumer spending.",neutral,CNBC
"Buy now, pay later lender Klarna files for U.S. IPO. Klarna filed its paperwork with the SEC on Friday to go public on the New York Stock Exchange under ticker symbol KLAR.",neutral,CNBC
"This retirement account is an ‘IOU to the IRS’ — but here’s when it makes sense, expert says. Your pre-tax IRA is subject to future income taxes, depending on your bracket. But it could offer planning opportunities, experts say.",neutral,CNBC
"'America is not Canada,' new Prime Minister Mark Carney says in rebuke to Trump. President Donald Trump since his second White House term began has said Canada, Greenland and the Panama Canal should become U.S. property.",neutral,CNBC
"Elon Musk's SpaceX, Tesla lobby Trump trade representative on tariffs. Tesla warned of the hit to its bottom line from tariffs, while SpaceX complained that foreign trade barriers affect its Starlink internet satellite service.",neutral,CNBC
"Block bets on lending expansion after stock slump. Block is expanding its lending efforts, announcing this week that it received FDIC approval to issue loans through its banking subsidiary.",neutral,CNBC
"Almonds, whiskey, auto parts: EU's retaliatory tariffs set up these U.S. states and local products as the biggest losers. From California almonds to Tennessee whiskey and Michigan auto parts, some states and sectors will be hit hardest by U.S.-EU 'tit for tat' tariffs war.",neutral,CNBC
"The U.S.-Canada trade war could signal a shift in economic ties, experts say. The U.S.-Canada trade war could shift economic ties as tariffs rise and tensions grow, raising concerns about future trade stability, experts say.",neutral,CNBC
"Trump says 'very good chance' of Ukraine ceasefire while Russia keeps caveats. Russia struck a sedate tone Friday but acknowledged grounds for cautious optimism, after only backing the ""idea"" of a U.S.-brokered 30-day ceasefire with firm caveats.",neutral,CNBC
"David Sacks sold $200 million in crypto-related holdings before taking White House job, ethics memo says. The White House memo revealed that AI and Crypto Czar David Sacks divested over $200 million in digital asset-related investments.",neutral,CNBC
"Don’t hide cash at home — here’s what you’re risking and what to do instead, experts say. While keeping your money in a secret spot at home can feel safe, it's often not the case. Here's what to know.",neutral,CNBC
Trump CMS nominee Dr. Oz won't commit to opposing Medicaid cuts. President Donald Trump has promised to preserve Medicaid and other federal safety-net programs.,neutral,CNBC
"Shares of DocuSign surge 14% on strong earnings, AI boost. CEO Allan Thygesen said the company has ""started to turn the corner on the core business.""",neutral,CNBC
"Canada's versatile finance minister starts fifth cabinet job in 6 years - Reuters Canada. <a href=""https://news.google.com/rss/articles/CBMiugFBVV95cUxNczA4Z0t1NEU5VHppaFFQaGtmalNGd0t3LUxBR1I2OWxfaGVlWllYMkhrRGFMV1JQdG05aVFHMW02MGFWY0FrQkhvcjRRRkFhQTFFSjVWZXVXOHdPeElhZ1l1STRZVXh5ZnZHUi1Sb182RktJSDFrdkJfdVFWckdIVzFfTFRkRjhENTB5Q09PWTNBTFNVRFhFNTNwaG82cFVVNE04RnJ0bzZfdkk3MnUzU25QTDd0UTVNWHc?oc=5"" target=""_blank"">Canada's versatile finance minister starts fifth cabinet job in 6 years</a>&nbsp;&nbsp;<font color=""#6f6f6f"">Reuters Canada</font>",neutral,Google News
"Yakima city finance director leaves position after six months - Yakima Herald-Republic. <a href=""https://news.google.com/rss/articles/CBMi9AFBVV95cUxOYUExUWVzeGh2WmhhU08zbWlibE4zV3RiNVgxd0MzUTZmME5ZY3FhX2hkSHZ5Z29faVgzTG9FWmd0WjBMX0Z2ZmVYcUx0MmFOV0NFdWRrTkIzU0ZFQUFyMFhwTHc0UEt1b0s0aVNoeUJCTzRlUnBfVExXSXF6bjNScWNkSFhXQ21hblhuSlJwVkZEb1dlRjI1VXpDUG9zcUlkek1OZThoWnBNcFhBYWR2TVdHTE9iUXBId3lhTFFzQU16SnBwRTZXM2ZTTk5KYURYc3hfQXRJenlReS0xQlpJbHAyWFM5VXVnRUpXR1JydHhyLWNm?oc=5"" target=""_blank"">Yakima city finance director leaves position after six months</a>&nbsp;&nbsp;<font color=""#6f6f6f"">Yakima Herald-Republic</font>",neutral,Google News
"NJBIZ reveals 2025 Leaders in Finance honorees (updated) - NJBIZ. <a href=""https://news.google.com/rss/articles/CBMic0FVX3lxTE9BRENMc3JoczkwTWNDWGZqX0xUNU5qVTNWbXY3NG1jNkJJMms5RXI2MldMbWNFcXJ5U3RYNEN5czd6T1A3QWQ2dkpiZHMxWFNRUXZDZG9TWEZ2ZXNJRXdnUy1Jb3BKVFNGcU1qUHk1dzVxYTA?oc=5"" target=""_blank"">NJBIZ reveals 2025 Leaders in Finance honorees (updated)</a>&nbsp;&nbsp;<font color=""#6f6f6f"">NJBIZ</font>",neutral,Google News
"Klarna Files for IPO, Promises Investors ‘New Era of Finance’ - PYMNTS.com. <a href=""https://news.google.com/rss/articles/CBMinAFBVV95cUxQR0w0aGE1MURRcGtHekhmRy1NOVZWQk9JYnRiQ0hfZ0pqbFY3b0pVaXh0UHBmay1tOGhnbEpzWVh5dDFITGUzZ010OWMyai11VjVzUXVnUHBqakRFVm9RSzhQMUdoQl90ak9xZTZuTERuU0ZNdGw5XzF5RFNOSENNd19POGJQZDJQMDVFdDB1RXlRV0h4RHpQN3psZHA?oc=5"" target=""_blank"">Klarna Files for IPO, Promises Investors ‘New Era of Finance’</a>&nbsp;&nbsp;<font color=""#6f6f6f"">PYMNTS.com</font>",neutral,Google News
"Spotsylvania finance staff provides ‘depressing’ forecast of potential federal cuts - Fredericksburg Free Press. <a href=""https://news.google.com/rss/articles/CBMizgFBVV95cUxONzZHV1lxU241R3lrQWNPQjZYS2dZYzFWdVZPczhwX3FBekNVWkpVdkowcWVEcXRBQUkzSlNlRGprRkNqMFd1eVVwZUtUUzRWaXYzcnJyRkFaWE9KbnJQdzFyT0xUUFp4Ulh6RE9CYnRJZGpHU0VpVjZWamRHOWpPbTRaemVzZWpuanNyMUZZeXBIRWtmMnFuLTZDMGlrd29HMTZ2M2hjT1MxVWFwelo0Z21md0xQdklBWGJFdU5DLWxwWjN0bXZDWHJXcmkzZw?oc=5"" target=""_blank"">Spotsylvania finance staff provides ‘depressing’ forecast of potential federal cuts</a>&nbsp;&nbsp;<font color=""#6f6f6f"">Fredericksburg Free Press</font>",neutral,Google News
"Credit card debt is getting in the way of saving for many workers nearing retirement - Yahoo Finance. <a href=""https://news.google.com/rss/articles/CBMiygFBVV95cUxQN0RTejhYeElSc3NDUlRmVFFVSUJJaGNkS2ZVMTdFYXBlN0VKYmVra09JODdTb0lEczZ1WWtaemFNQkduS1RBS2Y2SkcxOVRPWDZXX3N2WFhsSVMwUUs5V0FlSEVXMGFORlQtdmZkd3NIS0VlWFpjXzNoRzZ0UU9TcDR4VEJDQjlJdEJQVDRTOFlHbHZ2Rl9nYmZsdnJFMzZzWldIaVhtVV9sVkZMbnE5YUZrUHUyV3AzbGtONnkzV0h4aUxVY2hJMUNR?oc=5"" target=""_blank"">Credit card debt is getting in the way of saving for many workers nearing retirement</a>&nbsp;&nbsp;<font color=""#6f6f6f"">Yahoo Finance</font>",neutral,Google News
"Trump Treasury Expands Financial Surveillance - Cato Institute. <a href=""https://news.google.com/rss/articles/CBMie0FVX3lxTFByT2lfRjA5RzNLNU1FbTVKVDFiMnl3NjJhYzRqUWZZOWVCeDFQSUl1bWV1UG5zNFp4SkQzSXg5QkRtLWNYT2xTdGt3bzgzamkxaE8wTmFuNTFRbk5BLUpMTExQR3kyM0hqVjdXN2pBWlFsVV9MUG1DVHB2Yw?oc=5"" target=""_blank"">Trump Treasury Expands Financial Surveillance</a>&nbsp;&nbsp;<font color=""#6f6f6f"">Cato Institute</font>",neutral,Google News
"How Rockford finance requirement has supported students after graduation - WOODTV.com. <a href=""https://news.google.com/rss/articles/CBMiswFBVV95cUxQc2huTnVyM3JtcFhaaHp6dGVGNjRtS3EweVMzTXlfc1BFUmxKQmN0NW52czhON2xBc3VWUXVQcWZrUHpmSDNoTGZsNmZGbUtrS3ctemltWlp5RDRvb2V1c0QtY0MzRmQ5Ul91WElBQkRCR2JUNTBmZWJWblZCakpaa29sb2QxYS1PejZLVGxPejVHMHdNM09SQ3I0VEV5VE9LS3BYa3ZrczBMSjMwWElDV0R4c9IBuAFBVV95cUxONm5fSHZRQVU0WWFTMHRWa2d0a2pINldzZGo4MkdIcFVTZHNiamdHZlRVNHNEQ3VKWDVmR0Y5ekw2cXQ3cjFjMXpoRUtMbm5td045Y0N0b1NzcWlINGdpZmJCQ1g4THM1REtFTmlhNmlkVWIwQ1MyemtINWlZaUpLUWRzcWcxam14bDBwREtpWWVhQXhJUXg2dmFlRkRlQ3MtRXFKQ2N5a29vUVR4Tll4Znl4MGFRWU1r?oc=5"" target=""_blank"">How Rockford finance requirement has supported students after graduation</a>&nbsp;&nbsp;<font color=""#6f6f6f"">WOODTV.com</font>",neutral,Google News
"Gold prices are smashing record highs but it’s still a risky bet - Fortune. <a href=""https://news.google.com/rss/articles/CBMihgFBVV95cUxNLU1nZllvZHpWXzVwZl9yUjJnY3Q0SENaM1VVbTZ3N2pucV9VY0lHT1ZzOVRrZEo2Rmp3Y2NXQ0t6RWZka2xzc1EzRnRYd3hYSGFpMnBnbUhsMFFtSUFuZWlJZGhEbGNiNGRRa1BaaVIzYWVaUkFJVzdsQmd1NVVwbTdKeEFBQQ?oc=5"" target=""_blank"">Gold prices are smashing record highs but it’s still a risky bet</a>&nbsp;&nbsp;<font color=""#6f6f6f"">Fortune</font>",neutral,Google News
"China isn’t happy about sale of Panama Canal port to American finance giant - The Globe and Mail. <a href=""https://news.google.com/rss/articles/CBMi2AFBVV95cUxPemNUVFpURzhVMmppSGNtRkxTWW9uWjVzQ2xiZExNdEJxbzVzUXo2Ykk1dHJMQzRGQkx1NEx2WFE4SkRaTzZMemNDaXRTTTZYeHY1UUtRSWRmUnBqUWYySjdrbFQyZy1sZmtqWFRvdHp5TFc3dzVGRjZJbi12RzdscS05X0M5Zm40QzZtbGdJVExocnQyUVd2SURFczJyWWhCaDZVYm1abVNiWFkyeVhtSnJYTURBaG5wRC1fTDdPVlFLVy1BdEgxYWVNcjdZNzFxek9sYlBYc3c?oc=5"" target=""_blank"">China isn’t happy about sale of Panama Canal port to American finance giant</a>&nbsp;&nbsp;<font color=""#6f6f6f"">The Globe and Mail</font>",neutral,Google News
"Trump tariffs live updates: Trump threatens 200% tariff on EU wines, champagne, says he won't 'bend' in fight - Yahoo Finance. <a href=""https://news.google.com/rss/articles/CBMi6AFBVV95cUxOa3hmODJjZWplczNERy1zOTI5Q2xzN3dHc3BpUWNwM1Q1YWxwdG5tdFpRc0kyOEMtSU9EaklmMDNxdVdYbFNneXI1dGJlcDY5QXA3YTY2TExwRG9DY2FkVlYxcTFFZVRtdGZNUXp4S21odWY3a2NxcDlFeVgyanpUcXlScWE0dDhVX1hNQ3ktRnJPNVc5ZHN2TnVwYmMwTzhlZ0luQjM1LU12TDU3ejlvUnhVcWRYU0lMTnZOZXdBaDBJRmZJQ19CeGtIVGhxTllnVXE4QUVJUFBxN1BUZElxbjJlcjRjMnBQ?oc=5"" target=""_blank"">Trump tariffs live updates: Trump threatens 200% tariff on EU wines, champagne, says he won't 'bend' in fight</a>&nbsp;&nbsp;<font color=""#6f6f6f"">Yahoo Finance</font>",neutral,Google News
"Trends and innovations in nature finance: what to look out for in 2025 - UNEP Finance Initiative. <a href=""https://news.google.com/rss/articles/CBMinwFBVV95cUxQcXE4RG9jX19yVTVaOEVOdlZ5WDQyTHFSWHE4SzRiTVduQ1FCQ1g5enZtNjNCUzRtNlhEVkFTbUZzNm9FalEzREVzV2tYbEpCeVlkYVZOZzBoaVo3UGtVSWk1eWQ5MWdrUDFRc3J6UU9iUzBSeXNDb2VxV0x2NTY5dzd0ZlNxNDE4dGR1SjJ5RWtKN29EQXZ4OV9oNUVIY0k?oc=5"" target=""_blank"">Trends and innovations in nature finance: what to look out for in 2025</a>&nbsp;&nbsp;<font color=""#6f6f6f"">UNEP Finance Initiative</font>",neutral,Google News
"Town Of Estes Park Welcomes Tammy Zimmerman As Finance Director - Estes Park news. <a href=""https://news.google.com/rss/articles/CBMimwFBVV95cUxOM1Rqdi1rNnVfSS1ET3BTUWNKWXhpaV9iU0poMDdEUnpjTDQtNU5hbkFrUXRHejBJNEFBbEpheEtLcC1yWjJuR2k4RHRjQnNuMWsxX2IxWmxpcHJMaXFqS3pWM1hjaDlwOVBEV0h3MkNQV0NPTmhmT25XQXFHZ1UtTWt1WFhGbnRsTDhYVFAzVzZmNlVURVdSc2VOQQ?oc=5"" target=""_blank"">Town Of Estes Park Welcomes Tammy Zimmerman As Finance Director</a>&nbsp;&nbsp;<font color=""#6f6f6f"">Estes Park news</font>",neutral,Google News
"Video: Can the Tools of Finance Help Combat Climate Change? - Yale Insights. <a href=""https://news.google.com/rss/articles/CBMinAFBVV95cUxNUk5DQjZvRWFhWHoxS3AtT0p5Z3RKYU5rT1pOQmlJZk14cy1faEwtdEhTUDNRUW1BaVY0dTNjUmo5b0lnRndNRDk3UTBoeTlRTlZWVGNCZUozOWlPczJzak4wVk56YzFrYUhlbDdxc0tyMFBDWmI2NzFUenhJUmkyUHctUTUzYXc4OElwenpYakcwT0ROTXFSNFd2dm8?oc=5"" target=""_blank"">Video: Can the Tools of Finance Help Combat Climate Change?</a>&nbsp;&nbsp;<font color=""#6f6f6f"">Yale Insights</font>",neutral,Google News
"Assistant Administrator and Chief Financial Officer - Transportation Security Administration. <a href=""https://news.google.com/rss/articles/CBMiiwFBVV95cUxNT0RCQjl4Y3dlNWRTR0g2UGdjS3pmMjJ6eW0yNXBfVmlrZDdLR1V2YmdBN1kzTV9aOGVsYjR4cHlNUzNsRk1YX1AwSmhEanVud2FlQW93Z21QWElRM1luc0htQTNFSWNsMlp2XzE3THc4WmpRQjdJaXJBeHRGYkhZUnUtTmZOM0s4R0tB?oc=5"" target=""_blank"">Assistant Administrator and Chief Financial Officer</a>&nbsp;&nbsp;<font color=""#6f6f6f"">Transportation Security Administration</font>",neutral,Google News
"The Sound of Finance: 10 Wealth Philosophies Inspired by Simon and Garfunkel - Money Talks News. <a href=""https://news.google.com/rss/articles/CBMitgFBVV95cUxQVU5lalhKTU1uQ2E5U2l5M2prenpyUzRobFB3dGw2MlR4WTBwSktMVlQyT3llQm9qQWI2WnRUZkQyWWxpSzdfMEhYeVdxUjJ5d0RwUVJORHlvOGxCWHpzTFlsc29hZy1mYWtSQ19mVVQ4bUJfbmxRdzhhNWdBR1FsVElJajFXT055Z1NrbXA0VVV4MFVWTUxKUEVMSWlrTDJuaTgyUWFJbTU3eXBsUzlrMWJfZWZadw?oc=5"" target=""_blank"">The Sound of Finance: 10 Wealth Philosophies Inspired by Simon and Garfunkel</a>&nbsp;&nbsp;<font color=""#6f6f6f"">Money Talks News</font>",neutral,Google News
"Alumnus Ric Edelman sponsors students to attend Museum of American Finance gala - Rowan Today. <a href=""https://news.google.com/rss/articles/CBMisgFBVV95cUxQVFJhRUVKSHlvdmJuQTJRclpSMGRTMHhUTFFIRHBianVoTEtrdUE0cGFxcS12NnNmektmZG9SSHBiTFViT0MxdE9aSllzcWlCQS04RVY3N0tUNFJIcHVfMnpBYVdFelFNSGRoV0E4WnFCZC1fWl9aeG8zUHZNLWZvRjRYU2ZNcGVERUlZSE9kc3FsRThwWng1Rk5CLVhuT19aRzhjeUhEek1oNGhiakdvakZn?oc=5"" target=""_blank"">Alumnus Ric Edelman sponsors students to attend Museum of American Finance gala</a>&nbsp;&nbsp;<font color=""#6f6f6f"">Rowan Today</font>",neutral,Google News
"Dolan Students Awarded First Place in Global Finance Competition - Fairfield University. <a href=""https://news.google.com/rss/articles/CBMilgFBVV95cUxQZ0tEeWtRdmxSQTVfMmpHbEltOUJjcjB0ZTVtWk5OcXlHcDBsUVdTNUx0TlFzam10QWZKYUY3cFl6Qk1kWVlLOVo4Ynhjb3VFSFhrQnVkeGJ6NkExbzlMNUNSZjB6WmpJOUstaU92eVNRZ3pjTUd0LXBDcFJ4Q3F4QTl5dU4xWXFSd0Zid1JjZUNaU1UxVFE?oc=5"" target=""_blank"">Dolan Students Awarded First Place in Global Finance Competition</a>&nbsp;&nbsp;<font color=""#6f6f6f"">Fairfield University</font>",neutral,Google News
"Faculty Friday: Daniel Park, PhD, Glorifies God Through Finance Education - Azusa Pacific University. <a href=""https://news.google.com/rss/articles/CBMijwFBVV95cUxNdEg5Y0JZZnlLUE9oUVZ5WDBzQnpPMVFkWC0xZVg4REg4eE9FelNaQUxFV0N4a2NmNElfZkU0blFKZnhUUUo2X1I3OHBJUmNEc1RQNUU1TDhoXzRxcmxwcVFCVG44dzMwLS0ydVVCOC1PbHdKOHF0VFZhdWJRNk5iZ2NvZlIzTERpN3NuekxYdw?oc=5"" target=""_blank"">Faculty Friday: Daniel Park, PhD, Glorifies God Through Finance Education</a>&nbsp;&nbsp;<font color=""#6f6f6f"">Azusa Pacific University</font>",neutral,Google News
"How the 100 Most Influential Women in U.S. Finance Are Shaping the Conversation - Barron's. <a href=""https://news.google.com/rss/articles/CBMiigFBVV95cUxQVzQ0SGd6UnlrWU9lV0IyZWtFMVFvNkN5V09LMDJwSlhLeXBRRE9WUVJHM0hqVGRDUUVYa0t4Wm9uaTVJQ0tSMkVwV1RSb3pESlBHQmJjNlY2LVBraHczelpNVWdwQ1dmMFc1WVA2SF9rbmlZY1JscUR2T2hYTTdSZ1FMbHFvdjRHaFE?oc=5"" target=""_blank"">How the 100 Most Influential Women in U.S. Finance Are Shaping the Conversation</a>&nbsp;&nbsp;<font color=""#6f6f6f"">Barron's</font>",neutral,Google News
"Senate Finance Committee holds confirmation hearing for CMS administrator nominee Mehmet Oz - American Hospital Association. <a href=""https://news.google.com/rss/articles/CBMizAFBVV95cUxOdDdVbWZOTU50QUVjRzlvdmlSZ1U1a1FFT2ExZU9RSzJBNkVNaFdBRzNoSE9MNjN2eDF2Q2JpMWo4NFdQM01zZWplWUh0YTJPaDVTcWsxZU0wTFlrZXhRdzcwQmZRd2p5eEsxX1hubS00cDYxR1R4QWRMTjNIWE1QeEIxS3JvZmdwMmRzNlRrcGZPemRYSmNYS05vdk9yLVFydkdnMGxPY0dRUnlpTjlGY0Y2MGZMUGY0QUhoZnBMVTVhT3BCVkRJTVM0eG8?oc=5"" target=""_blank"">Senate Finance Committee holds confirmation hearing for CMS administrator nominee Mehmet Oz</a>&nbsp;&nbsp;<font color=""#6f6f6f"">American Hospital Association</font>",neutral,Google News
"Campaign finance reform is “dead” says sponsor - New Mexico In Depth. <a href=""https://news.google.com/rss/articles/CBMifEFVX3lxTFBXN25jMEt1YU9YTGlQem9leDZQTG5MaEkzVV94VkRMTDZja01kaVVTcGE4cGtBc1ZvczF0bnhxNlpwSWNZQzR2Sno5MkZVWnlpc0s4Mmg5X0RZbVFQcTNqd3lJRWp3bE9XTHAyOVJVLWdSOGpuU2dReUM1TWI?oc=5"" target=""_blank"">Campaign finance reform is “dead” says sponsor</a>&nbsp;&nbsp;<font color=""#6f6f6f"">New Mexico In Depth</font>",neutral,Google News
"Carney Taps Champagne as Finance Minister in Trade War Strategy - Bloomberg. <a href=""https://news.google.com/rss/articles/CBMiowFBVV95cUxOZ2kyUmdqUHBBZzZvSkV3QV9NcHhJcUN0Z1FhTWxJTksyektESHpqNTNYSE9tZEtlS2tOTFVWUFpsVEcxU0hRcWwxQVJhcXJuOVQ5aUpibHg1c3BSODVWc3lCaXByMUZ3ak1tVDZnMWJ4d3FQVG9zUjZDNWw5V3NNWHRsUnFfVHg1NGNDUHpzSkR4ek9vbzZUUFgwT1NKRC14c1c4?oc=5"" target=""_blank"">Carney Taps Champagne as Finance Minister in Trade War Strategy</a>&nbsp;&nbsp;<font color=""#6f6f6f"">Bloomberg</font>",neutral,Google News
"Reauthorizing the U.S. Development Finance Corporation - House Foreign Affairs Committee. <a href=""https://news.google.com/rss/articles/CBMimwFBVV95cUxNMWpqSENFRmxwUVVlaDBWWm9aNzVTSlNLYU9zd3pwRHgzeFNFQkhWMThLRTlWSHZXQTlJQTJ3WDc2bU54aHFLbmViWC05V2hLamVRN1NFRnY5RUxVUTlLeXh4cjdULUpiUVJ4S3N0OHFUbGxsZmVaeFF0MjA2V183R09mdHRfY3l6NWwtRE9BcHRLY2VJdHJscW1YVQ?oc=5"" target=""_blank"">Reauthorizing the U.S. Development Finance Corporation</a>&nbsp;&nbsp;<font color=""#6f6f6f"">House Foreign Affairs Committee</font>",neutral,Google News
"Australia's Westpac settles auto finance class action lawsuit for $81 million - Reuters. <a href=""https://news.google.com/rss/articles/CBMi0wFBVV95cUxNVFBGQnF1V0hJcldSR0pfZVJkUlJuSzdYRjhyMVAyWFhlNDZEdUhIbFRqSFVEOUpfT1JIUmpLQWFzZ2Z3bjFVSS1fdnE5eDRYcWJESElJUjhGNVl4OU9uZGJfbWRpVHU0T2p3VVpfTW1FYmdudm1tdDI0aUxoUDEybVZaOHNFb1gxZld5cmQzQXhvX2JhZlpGNV9UVUZRRHFwTllpYmtqR3UwQ2c0a0Mya0x3NVdpSDJ5alRQRmNkQVZMTWNrMzEtYmJxWURGMDVYbGVn?oc=5"" target=""_blank"">Australia's Westpac settles auto finance class action lawsuit for $81 million</a>&nbsp;&nbsp;<font color=""#6f6f6f"">Reuters</font>",neutral,Google News
"Jersey finance head wins Woman of the Year award - Yahoo Canada Finance. <a href=""https://news.google.com/rss/articles/CBMihgFBVV95cUxPWDB1LURIWE5EbmhsWFVnODlmcjhtQjN0ZmtXQ2lIZy1TakJsaWdiSHg5Smw5cERCYUJnZ3Bha1l2Q1Q5aFJBWUZjWHVCeHZvZDdZMnRzUDI4T3dqc1F2VnJLWlV5V0JibTZFLWlhaWV2NzctZG9aT0FKSHd6RGloM20xWXdWQQ?oc=5"" target=""_blank"">Jersey finance head wins Woman of the Year award</a>&nbsp;&nbsp;<font color=""#6f6f6f"">Yahoo Canada Finance</font>",neutral,Google News
"Canada innovation minister Champagne to move to finance ministry, CBC says - Reuters Canada. <a href=""https://news.google.com/rss/articles/CBMiugFBVV95cUxPRzBTTEgyWUZoLVo0OEF5cFFuNzl1WGNPcHo0MWE4ejJhc1VfSUdBRXZySVRNVVQ4LVV5MExfcVJNQ0ZlYWdsblZEMWNBaFBxTVF6UmtLTWgwdXIzc2RjVTNkcEdEZ0h0ZkJJM0xkblVZRHh3T2NXYnNOYVVYeG9SaC1EeHhkc2xiWWI2WWFheU1lYW1xZ0dyNVFyZU5NME5RQktHVm1yaU8yQ2hGUk5uaHFTaGxVLUd0LXc?oc=5"" target=""_blank"">Canada innovation minister Champagne to move to finance ministry, CBC says</a>&nbsp;&nbsp;<font color=""#6f6f6f"">Reuters Canada</font>",neutral,Google News
"Financing Firm Growth: The Role of Capital Markets in Low- and Middle-Income Countries - International Finance Corporation (IFC). <a href=""https://news.google.com/rss/articles/CBMidEFVX3lxTE1sSFc3d2hKSlRfM3BIMjBZV3NDQnhDZU94R1dWNkdXNld6b1lON0hpMTVKV2hHdWZ5dUZNV2dodldYQUpCZ0xVUk5Qdy1Ta3JJYkF1SmM5R2txazRYRDM3bDhpc19Cb3lNSi00MFRZX0xUVDJF?oc=5"" target=""_blank"">Financing Firm Growth: The Role of Capital Markets in Low- and Middle-Income Countries</a>&nbsp;&nbsp;<font color=""#6f6f6f"">International Finance Corporation (IFC)</font>",neutral,Google News
"TPG RE Finance Trust, Inc. Declares Cash Dividend on Common Stock - Business Wire. <a href=""https://news.google.com/rss/articles/CBMivgFBVV95cUxOU0R3dm5vOTJyc2dTd1ppWTR0UlhNek9ZUVktV2xiQjRZY0ZkUWZ4V21RbVpOdXNJeGFVLU53MG91WXhnYXFDSy1sZ1pJOWttNEF2eVJqaTAwMmoyTkZSVjhiUHVqRFNZOTB3cVRZYTBIbHZpUUlFaEx1ZWduM1hJdVVhZVYtbkdsZnpxd0xKMWJla2ZHc2pONUg2cGlkVjN0eFloMjlURkVqTk1fLVhVaWpLZUliYTV0VlpyUk5B?oc=5"" target=""_blank"">TPG RE Finance Trust, Inc. Declares Cash Dividend on Common Stock</a>&nbsp;&nbsp;<font color=""#6f6f6f"">Business Wire</font>",neutral,Google News
"Finance Committee Advances Deputy Treasury Secretary Nominee - Senator Mike Crapo. <a href=""https://news.google.com/rss/articles/CBMirAFBVV95cUxOS0NINEtTWUZHczZLeEt6SUdhRTItMHFDZk8xc29aSGZxeFNReUxhUS12RDVhWmpaUHpVa3JleVEwZ2JjRWFrZEwwZmxNYWwzQmFjMWhNdF9uSlhRd3BPbkh4ekllNzhMQXRfMUxiVkpzVWZzb3VfZU1JTGRnbHlvWEhaQVYyWExZWFdGSTU2NkVhU0tHUXh5NTVvSUxGMW1SRE12d1hoUWpQcWt3?oc=5"" target=""_blank"">Finance Committee Advances Deputy Treasury Secretary Nominee</a>&nbsp;&nbsp;<font color=""#6f6f6f"">Senator Mike Crapo</font>",neutral,Google News
"Financial Leaders: How AI Transforms Compliance and Risk Management - PYMNTS.com. <a href=""https://news.google.com/rss/articles/CBMitwFBVV95cUxNVmk2NVlHMlNaRFNtYUlBZVlBZ0ZOZGlEZUtZaVBnNTB5eS1FUk1KM19CcFUwV05KMl90cWRDY1RsNHRVMVZnZC1JSks0dnhXQldKdDh1SUc3Q1huWUFsbmFYQ0p6Q184ekNvU2hHbkQ1X3FsRnFLQlVyUG02SjlJMlFMUUpPUjFJallETVJkLVRLd3VFdEt2Rkd1Q09fVF9HcTFTdTVtWkpNMG1oc0t1RUNKZ0F5ZXM?oc=5"" target=""_blank"">Financial Leaders: How AI Transforms Compliance and Risk Management</a>&nbsp;&nbsp;<font color=""#6f6f6f"">PYMNTS.com</font>",neutral,Google News
"4 keys to the future of public finance with Microsoft 365 Copilot for Finance - Microsoft. <a href=""https://news.google.com/rss/articles/CBMi3wFBVV95cUxPcGNROEhSZnZiOHJYVmppVElQUmRSQ2lqVnRTQzdiZjZxOFRkNmhGTVpXRW90YnJZQnp2MUg2bG5FZGpOTjFQYS1Na29LU3FkMDZtbzRBSERqOXZpellOSTNST09Eb3VqT3ktR0FjcWgzTHB3aGtLLVBnSUswWU01aEZ3eDFhbHdoTGNzeEN2SUxhQVg2cDI5djVWODEyc1ZjNGVoTWlEMkctWmtuN1pWTEI0MDdObkp2aGVvVVo0MkhsM0JmMHVoQkNkaGxVTF9oVUlGSkhXaG5Fc3ZJa1Rr?oc=5"" target=""_blank"">4 keys to the future of public finance with Microsoft 365 Copilot for Finance</a>&nbsp;&nbsp;<font color=""#6f6f6f"">Microsoft</font>",neutral,Google News
"Stock market today: S&P 500 enters correction, Dow sinks 500 points amid Trump's latest tariff threats - Yahoo Finance. <a href=""https://news.google.com/rss/articles/CBMi4wFBVV95cUxORDZDeTVMb3ZkQkozeE9DRjQ2U3c1bDlxZU1keUdad0N5MjZzTVVnNDlxYmRPWjNxQkJnbnlSaXhHYnpCMnE5M0hHNTNkalRBUEQ3WG5FWi1wUjZuUzlBWk8xT1NLT3k2djdFSXZjdVNZMnhKN1hPQUszZ0ltVDd5MjUwYUxWWlR3a1d6ajQ4ekJYZ1hudlJVNmtjdFpNVmNnUTQ1RE1RM09Qdk1kTERDMHd2Ums1eXpfUmlUdXo5WEFFMTRNV1oybmpnalpiWWs2VnVhdEFfODZ3Y1VNZnpXdlFtTQ?oc=5"" target=""_blank"">Stock market today: S&amp;P 500 enters correction, Dow sinks 500 points amid Trump's latest tariff threats</a>&nbsp;&nbsp;<font color=""#6f6f6f"">Yahoo Finance</font>",neutral,Google News
"Ponce Financial Group Full Year 2024 Earnings: EPS: US$0.46 (vs US$0.15 in FY 2023) - Yahoo Finance. <a href=""https://news.google.com/rss/articles/CBMigwFBVV95cUxPaDA4d0dWaXdCaWNpWlRqZHhNSW5EYXhmbHRxaXpWdW5SejBabXF4VnVlX3lNVUJEdHZjdVk2TnMtOGZpcnBSLU8wNUJMMUt3WV9VdjFNYmVxTkRCUXF3dkMyV3BOYkdVbmtBcGRyZXlVczBaZjlsbG5hUmQ5UmpsOEpfTQ?oc=5"" target=""_blank"">Ponce Financial Group Full Year 2024 Earnings: EPS: US$0.46 (vs US$0.15 in FY 2023)</a>&nbsp;&nbsp;<font color=""#6f6f6f"">Yahoo Finance</font>",neutral,Google News
"Finance Director Urges Public to Attend Meeting on School Aid at UMass on March 24 - Amherst Indy. <a href=""https://news.google.com/rss/articles/CBMivwFBVV95cUxNaXRxNkhCUHhIUE9uakI3ck8tNFN5MXphanRpYzFtam93aVgwQnZoUWZrX3dnVjRQM0djaUI0dTRkOWpHVWY3d1FCYlU1bEtWMzlwVTlDRnlIZHItWHFHdkhhZnc3Mkd1QW5tbTV6b1lmZEVpbjgyRzZMcmVacEV5dHdocjc1bXg4bEtuZ3hERHlqbnZXc0NqWEVkemFkYVAwNFF1UC1IMTJLaWFFdVVHNHl1SUR1dGZ4SE02TWcwdw?oc=5"" target=""_blank"">Finance Director Urges Public to Attend Meeting on School Aid at UMass on March 24</a>&nbsp;&nbsp;<font color=""#6f6f6f"">Amherst Indy</font>",neutral,Google News
"Escalation With Panama Exposes Finance Firms’ Role in US Rivalry With China - Truthout. <a href=""https://news.google.com/rss/articles/CBMiqAFBVV95cUxNZHR0eFdZbFVNNlF6bHF4SzJ1a1U4b0w2TzVmcnNaenR0VTBkRXFCUy1UM2kwOVVmZVN4UlpPV3lPc0xNY3BmaVA5bUlqVWZiaUdEQi1QVzdkRlJjR3BhZlNlVEpKU1FTZU90REQ5LWRteEhDbXlHZ0tPWTNheTNVV010aXpsOVhiZEpZRm80cFRiby1wcW5mTDhkVU92OGZOWXRfeWd3VGE?oc=5"" target=""_blank"">Escalation With Panama Exposes Finance Firms’ Role in US Rivalry With China</a>&nbsp;&nbsp;<font color=""#6f6f6f"">Truthout</font>",neutral,Google News
"Bond-voyage: Experts Dish on Public Finance - Arkansas Money & Politics. <a href=""https://news.google.com/rss/articles/CBMiZEFVX3lxTE56bVVsc1E3a2kzZ19CMk4tSXdBbFZ2N0JXMzlIWG9WU2pscFNBTFFOWkl2bHRNb2hEMjRkTU10WDZyZ3pCVnZ6YWNkUWxMZk45UURFT0FPbkdxV1B0NjlmM3BjWF8?oc=5"" target=""_blank"">Bond-voyage: Experts Dish on Public Finance</a>&nbsp;&nbsp;<font color=""#6f6f6f"">Arkansas Money & Politics</font>",neutral,Google News
"Investors in Security National Financial (NASDAQ:SNFC.A) have seen splendid returns of 248% over the past five years - Yahoo Finance. <a href=""https://news.google.com/rss/articles/CBMilAFBVV95cUxOUS1BWF9iMVMzQ2pCcjF5emtzUERyYkEtckladTJpYmRPV05yaE9laFJGUmVTckQ0X1FGNnZtdlQ2TGVFNnVJVEFDeUJjZHdxdEtZd0kzQUF1alhYTXlUY21ZRWdzM1hXNjdyX2lDWHNjS1lQSkNUZVVBa3N3VzNLWWNWZ2VRd21LS2ZBQlBOeXR1dTVP?oc=5"" target=""_blank"">Investors in Security National Financial (NASDAQ:SNFC.A) have seen splendid returns of 248% over the past five years</a>&nbsp;&nbsp;<font color=""#6f6f6f"">Yahoo Finance</font>",neutral,Google News
"First Financial Independent Director Acquires 9.1% More Stock - Yahoo Finance. <a href=""https://news.google.com/rss/articles/CBMilgFBVV95cUxQdG9ZVkFhQVYyNTA1enplRmtZY3hOQlVxdW9rZEJIb2JqRmpvVkRpdGl5eHVkWC1oUDdjWTV4YUgwX2FJWjdjQnJWM2gxN1lmRWVkQlBQQWlUQjhmNUNYX3BYeWt0aHNHbUg3VTA0MDN0NF9pVDEzWkxYVTdZU1ZNaVlBaVV0WXE3Q3EzclRkWEVYcU5EQ3c?oc=5"" target=""_blank"">First Financial Independent Director Acquires 9.1% More Stock</a>&nbsp;&nbsp;<font color=""#6f6f6f"">Yahoo Finance</font>",neutral,Google News
"French finance minister calls Trump's trade war 'idiotic', plans US trip - FRANCE 24 English. <a href=""https://news.google.com/rss/articles/CBMirAFBVV95cUxPakx1Mm9pckIyOHpzZi1sTlFmWVN2ZTdiaHR2bnJsTzVyb1NxTncweTlnMXRUT0ZtWU9VN3FOaklqRzJ3TWpBN084RENpdUVUcEtpY2QxY3R3QWFpOGdwWGt5dzNjUGdmS09qWnIxRHo4OXdWdVF3MmdwVWJCZ0ViRHBoV2UwRC0xRlJGQndHY0h1UENxak5HODVzbDFXc2RUYl9SbFlqT3JrYWg5?oc=5"" target=""_blank"">French finance minister calls Trump's trade war 'idiotic', plans US trip</a>&nbsp;&nbsp;<font color=""#6f6f6f"">FRANCE 24 English</font>",neutral,Google News
"11 Investigates EXCLUSIVE: Mayor responds to city finance investigation, defends DA comment - WPXI Pittsburgh. <a href=""https://news.google.com/rss/articles/CBMi3wFBVV95cUxPOXBOcHJXTjZGdnVHUVZyOFl6WE41cWNZVThnTDZrbTdKRU5JS3AwWkxiYmFrSnE4MmlhUDJzRXlQdkRpeGl3WXBPNXBNQm9veGtxckxPb2pScjJVdGdfeWF6N2VsS3lQamlPcE0tYmw3YVJBb1VsdV9uQnF3QUhjZS1lQVBmdHY3MWdxeU9EbkpZa1lyNWRRWVd1a3U2Tlk5Y1N3SVdTSGIwOUozNjhGZ1NWZ1oydHhOY1hoNkdrT2VIdlBTU1hCVXJUbG5tY2NtLU9vVC1sSnJIZUdDQVlv0gHzAUFVX3lxTE1kblVCbmsyMHFiRXhZQmZ3REpkYjB3Q2pFNVIxRllFSnhVdUszQVU3OVlhQ1RscWs2VG1oUVNsVUpQdGZERUVSVXdjNWhpQ29zZ2hIclFWaXlNRTZFUUdaWGhlcHNFanhMcy0yR0VtRHhQaUVsOENWYUluUmNzYS1zZ0s1NmdNN2F5SnZvRnBHaWpZZ2tJWHhKRzdPMU5nSjFGc2xkUy01TlZWelZMcFp1QmhmZk9iUXl5YUIyblhFZmhteGFiYkV3eWZiOGxkMlFfVk1VS1p4NmNLR1FaNzU1WVhXdlJMdGRmTGZ4NmhmNzlFSQ?oc=5"" target=""_blank"">11 Investigates EXCLUSIVE: Mayor responds to city finance investigation, defends DA comment</a>&nbsp;&nbsp;<font color=""#6f6f6f"">WPXI Pittsburgh</font>",neutral,Google News
"What's the number one way Americans are becoming millionaires​? - Yahoo Finance. <a href=""https://news.google.com/rss/articles/CBMixwFBVV95cUxPWHhyYnV6NnlKbGJiRG92QXM3b1lpTlI5N25aRkdPejZrTm1mT1ViZ2hOeEZTR0U2LUhUWWdURUlpTXNJTmdRVmNDSEJEWnNnSC1pT3hMZ000aUZ0YkJ5akwtd1ZTMTdULTRybXZaWUVHYk5tQWdfeWVLcUlOd2JEZC1OX2RTUVVWNHdzV1JIU1IwSV8wM0VVWktPSGhCVXVyNWVxZ0toRE9KejRNQ1pBZzFRUG16Q3c1T0twOENtOUI3MnY0NFhF?oc=5"" target=""_blank"">What's the number one way Americans are becoming millionaires​?</a>&nbsp;&nbsp;<font color=""#6f6f6f"">Yahoo Finance</font>",neutral,Google News
"Iowa financial advisor ordered to repay investors $2.3 million - Iowa Capital Dispatch. <a href=""https://news.google.com/rss/articles/CBMiqAFBVV95cUxQOVVTVDZuRGNJWU9xaGVsYlI4UFBqTGp2S0E5Tm9JRENPUlYzNndxcHVoOVU3RTlkRkpUSlZJRjNkSVJoaG9xY0E0OVpzbXpLa0Jmb1M4Mk5OZGR3YXNKU3hIZjdBWEE1eGU1eE5fS3cwQjRBWTJ6SW1INDJUWHFWb1dxVzd2b1JBYnRYY0djcjFoWWhBdHB5eWFjUWRyNXM2TGI2NjZBbjM?oc=5"" target=""_blank"">Iowa financial advisor ordered to repay investors $2.3 million</a>&nbsp;&nbsp;<font color=""#6f6f6f"">Iowa Capital Dispatch</font>",neutral,Google News
"Changing investment priorities and risk assessment in European solar finance - PV Tech. <a href=""https://news.google.com/rss/articles/CBMiowFBVV95cUxPeFJRVldWcVBDdGFPV0hhVGNNUm1nWWM5SUpSVkhlbk9JYmJCdnFFNEtYa2RYSTlSREhwcm1SZ05ZYjNrUEtvNkYtZEdTRS1vT3ZESURSU0Vxb1dhdjNGXzFHUm4tZks1VUp6eDZIZENRenpLYV9CRlpIYVVtLUhWQlZYMndWYUZMbmhLeGk3VGxxc29jbHBWWnN0Ry1ZTHFBbXhz?oc=5"" target=""_blank"">Changing investment priorities and risk assessment in European solar finance</a>&nbsp;&nbsp;<font color=""#6f6f6f"">PV Tech</font>",neutral,Google News
"Retired bank president joins First National as finance chief - American Banker. <a href=""https://news.google.com/rss/articles/CBMiqAFBVV95cUxQRkxNdVA2ejlEdmRqTlozY1B6c1hBNHFfQUxqUlRveER4dDAxam9Jc2QwdC03TG1Cb1pFWEdjTmtUMjk0eVRvRzFoVm45OUFLenpCcEZLX1NuZXp6OHFiNFRBdk00NEZQMXB2SVhWUGNRcmlXQy13WEZoZDQ4OGVVTGxaX0RHRjRIWjFLTng1Y1JxLWdhYXhjSlVYTGh5ZmRHeWFXLTVxZVY?oc=5"" target=""_blank"">Retired bank president joins First National as finance chief</a>&nbsp;&nbsp;<font color=""#6f6f6f"">American Banker</font>",neutral,Google News
"NexPoint Real Estate Finance Annual Meeting Goes Virtual: Key Dates Revealed for Stockholders - StockTitan. <a href=""https://news.google.com/rss/articles/CBMivwFBVV95cUxOeW1LNFRIZWUycy1lc0d1WXQ5V2xTWkMtSHpjUXd3UWxrTVZGNkU1S0dYbGUyeTZldTNNanBtdmdFbDJnME0tMmdaeVh0SE5ZVzllMEVNUTZjNjB3NzVVNWdwbVNEVmRUVXZqRVlKUm9DOTl2VVl3RktFOE4wcWt3U0lEQUtwSF9uLXd6OU5IQWNqZ1VFN2lCMl84c3drSUVKX0ZLdGI0LW5MQURWVW1lQThPSFZGQjl4UmRyakRHbw?oc=5"" target=""_blank"">NexPoint Real Estate Finance Annual Meeting Goes Virtual: Key Dates Revealed for Stockholders</a>&nbsp;&nbsp;<font color=""#6f6f6f"">StockTitan</font>",neutral,Google News
"Too early to discuss unblocking foreign funds in Russia, finance ministry says - Reuters.com. <a href=""https://news.google.com/rss/articles/CBMivAFBVV95cUxOTEtIb3lhMkNfZnV0WG9zVnhkLVpSYjhzWHIxWjl3djFaWHRCdU80RllrcmhscWpFcUk5NXhYczYyeXRrR2tZSW1JVWVDbTZDcmxlVXVCYkQ2bl9RQm1Md1A4Nk81S3JjWXB2d3ZPZFpDSFkxeTBNOElzX012VC1VeGFJQzk4N1FKaFFHWkhjVXBRS1FBTTNkOVRPRE5RVllYZ0lOemJPNVN3MHFubERYY2Rib3VsRTBSSnMyQQ?oc=5"" target=""_blank"">Too early to discuss unblocking foreign funds in Russia, finance ministry says</a>&nbsp;&nbsp;<font color=""#6f6f6f"">Reuters.com</font>",neutral,Google News
"Iowa Finance Authority - Economic Development .... <a href=""https://news.google.com/rss/articles/CBMiZ0FVX3lxTE5PWC1QS0EwVEkxTGJWSlVTNmRrdkI4UHF2b2hibHB5enFxa0FNZjhuNjExU3pINnVKWWlhWDdudE1zek5nZEdYdExwYndUcDZZRkdyNUpMN3JKaXB4QndqNVU3RTdZYXc?oc=5"" target=""_blank"">Iowa Finance Authority</a>&nbsp;&nbsp;<font color=""#6f6f6f"">Economic Development ...</font>",neutral,Google News
"Senate Finance Republicans to huddle with Trump on taxes - POLITICO. <a href=""https://news.google.com/rss/articles/CBMiqAFBVV95cUxPWk9vanhDWTdLdW1GU2xHX1NPZHY3UU5xMG82cWtQUHJNSVZYUGM4aWZfQzZ3Nk8zdnFKTUI5Z0FxOVZmZnAwSmRoVlR2THd0YmVPSjZjQlBaeTVBc2FvVjVNaG90SDBuaExxMVdWQWsxTWZNUEZfOXB2MzdyeXA4cnlfQkkwRF9VSUJkMVVVa1lxSkYyTExOMlFyMjM5RkdwMndGOW9Zb2U?oc=5"" target=""_blank"">Senate Finance Republicans to huddle with Trump on taxes</a>&nbsp;&nbsp;<font color=""#6f6f6f"">POLITICO</font>",neutral,Google News
"Trends & Strategies Shaping the $2.58 Trillion Sustainable - GlobeNewswire. <a href=""https://news.google.com/rss/articles/CBMi3gJBVV95cUxOMFItN2MzRWZucXhkV0d6aF93d3dQUVZJZU1TOHlEODNQemg4dG9pdkN0N3NpbVRrUjVweFhwMzIySEFCSEtKNEF4ZjEyVWR0WHpFSHIxUUg0RUJtR2Mtb2FzV1UwY1VfdkpUNmllRER0dEpXQjhwdHc3MEFoTEg1UktGdFZkUDFDbV9yVHRmOHAtTmdtZmtiRUhaNHlRdE1DSE1GOEdZcFJvS0dfUUV3TmVDNVdGUzFlTXVTZzFXeV95MXBZbDlQeEFhQzk2LTd2SHVjLVJwaGtJMzFzTEJxSjh3X2pHd2VGVW9FTzhtSGJDNWJuLTI5ckdWSW1icFpiZzRpSzJ2WG5FV1hYVml5bjJvZkJRYi1QMVQ1blVTSFphOTM3YWJvdHNRZWxEaHgtV3p3UzdBSXdCdk13OS1GNlNVcVo0aXQxdkRLMkNWMjBzaW9ySWdIdURHWnl2UQ?oc=5"" target=""_blank"">Trends & Strategies Shaping the $2.58 Trillion Sustainable</a>&nbsp;&nbsp;<font color=""#6f6f6f"">GlobeNewswire</font>",neutral,Google News
"Greek PM names new finance, transport ministers after mass protests - Reuters. <a href=""https://news.google.com/rss/articles/CBMiqAFBVV95cUxOTkU4YjV5aE05bElvd2ZMdEdnWElMOUVDZFl5OGVGcU9HN21UbE5xWXVNamI1V2VWN3N0YTlxV3pHdms3bGJSNFZWSGtnZ2w3anhhNDZNTE5xZ1VnOVR4cVhaU2dEb0hINC1iQ0ZnOExsTzBaLTZoVXpvd3RuNVJKSHdySW9GMHp0YVRSX1ktQzZCUWdwR1dEcUNjaE01d3VRU2NlWnZQay0?oc=5"" target=""_blank"">Greek PM names new finance, transport ministers after mass protests</a>&nbsp;&nbsp;<font color=""#6f6f6f"">Reuters</font>",neutral,Google News
"Financial Services Roundup: Market Talk - The Wall Street Journal. <a href=""https://news.google.com/rss/articles/CBMiiwFBVV95cUxQeGhJVFNpVGhZa0dFUXhCcXdwa1lkUnZDYldqTnhkSE51MTdHeElhLW9FVHhDa0VGSFNiUUh2Xzd1WUxtQkxRaEZwTGc4RkF1SUowWHRYLWJoOUpZR3p1UmFNZ2NZU1JQX0dTaV9GU0hLOXJwbWdmQ2FhbGpVekNxYmpkYlNieFI0RVRV?oc=5"" target=""_blank"">Financial Services Roundup: Market Talk</a>&nbsp;&nbsp;<font color=""#6f6f6f"">The Wall Street Journal</font>",neutral,Google News
"Agenda: District 158 Personnel and Finance Committee Meeting- 3/18/25 - The Lansing Journal. <a href=""https://news.google.com/rss/articles/CBMirgFBVV95cUxNaXZBam5admNJRFhJYjNaTGRWNkdFZ1JSaGlMV3plWFVrQlFUMm9DRzhqeE5vYVZTeFZLTzhvZnFSZ1NJSkJQaFZaRmJqUDNMSkFMVWtoZjY3aHZmS21YQnhZYkg0enFVQmY0RHRkcHRCNjlSS1lqX2V0RlJ1QUYzTndHejNpYXlDeWkzNnVoRFBzSkJHcnV4cjlmSnZZN29TTkVueU54OGdTLS1nbnc?oc=5"" target=""_blank"">Agenda: District 158 Personnel and Finance Committee Meeting- 3/18/25</a>&nbsp;&nbsp;<font color=""#6f6f6f"">The Lansing Journal</font>",neutral,Google News
"Oklahoma Ethics Commission pursuing Ryan Walters for campaign finance violations - Oklahoma Voice. <a href=""https://news.google.com/rss/articles/CBMitAFBVV95cUxOZ3g3Y0N4QU4zandPRnpFMjBNSjh1eVFsWHRNTXpYTlZ0cXpnRE5xaTA3VWtScHp4amtoMmxYNC1YdExrUGpQTi0yVi1IaWU4RHk0QTYwak9wdXFGNThqQ2Z3bE5Xb0JBQzdEa2hLMWVGS3R3WHNsWm9kWmxWVGVMQzdhb2ZUb3BBa1d0TmdqNmVIX2FBM3d1X2NlU0xtdXNYOGFhZ3F0eTlSMkNkaGFvd19PM0I?oc=5"" target=""_blank"">Oklahoma Ethics Commission pursuing Ryan Walters for campaign finance violations</a>&nbsp;&nbsp;<font color=""#6f6f6f"">Oklahoma Voice</font>",neutral,Google News
"BlackLine Announces 2024 Partner Award Winners, Recognizing Excellence in Digital Finance Transformation - CPAPracticeAdvisor.com. <a href=""https://news.google.com/rss/articles/CBMi7gFBVV95cUxNLVdwbjNnUmdPb0p4THpGeFJNRmJVSFJ5Rkx1OHh1NmZ5UWsyLTIweW13ZFNjYUJHdThpYTV0S19XSWp3RHNpeXNIV1lQVlFsVVZnbXcxTWhtMDRqamlCcXVpN0VEa1R3cFV0NEU0SzlreGJISGE2bGNadzBmYXRndVNKaVBId0RtUDNBUkczRFo2cGFqV2luMVkwWGJ5czQ3eV9FSlZMY01NRkdTSTR3T21rOGV5MTlCZ29aeFFsYnV5N2Jyai1JNGVSVG5FdDlFMGJtRGFvUEpnbGlRa2Z5WU5jZE1ybnlCT0dkQ2tn?oc=5"" target=""_blank"">BlackLine Announces 2024 Partner Award Winners, Recognizing Excellence in Digital Finance Transformation</a>&nbsp;&nbsp;<font color=""#6f6f6f"">CPAPracticeAdvisor.com</font>",neutral,Google News
"NexPoint Real Estate Finance, Inc. Announces Record Date and Date of 2025 Annual Meeting of Stockholders - PR Newswire. <a href=""https://news.google.com/rss/articles/CBMi7wFBVV95cUxOUWxkSHI5bHpraWRocmkwaDJCNm9uNlFCSGt4RUhxUHZ4MFlyWXlUd0xNRHVsQ2NrSmJHV0tHNVNmZVlQX094RXBSdlY4VTdxM1FVdGJmcEZ2aml2QVptOC1laXpVRHhXblRGZ3E5aFpOdFJBdnJ5XzhLUHctN01qcDNrbW83MXREYWFNZTFkdHJLQV85Z0pXSlFlR3RIZXJKY3dnVmxEbUpvTTB4YXYtMmYwQzdiTUx2YWJTemYzYUhrVGg0WXBSMU9wd2VTWUdoVzlHVkVvZXUtbnJ3SjRHc1hXY1BEeWNmS0oyc0t5aw?oc=5"" target=""_blank"">NexPoint Real Estate Finance, Inc. Announces Record Date and Date of 2025 Annual Meeting of Stockholders</a>&nbsp;&nbsp;<font color=""#6f6f6f"">PR Newswire</font>",neutral,Google News
"DocuSign CEO: No signs of recession in our business - Yahoo Finance. <a href=""https://news.google.com/rss/articles/CBMinAFBVV95cUxPdVg3MVVTclRzNTNLR2VrVGRIZUhoR0RfQlVZVkdWbjNWZmdWU0trNGoydUxHMFFOVzd1NElBcjhUdXA5OTA5MTZWa21IQWdIYVVMamxVR3htZVZEalJja0RKaDFmcmQ3M2ZPZ2d2ZGEzVW9QdGQ5ellyamlVVHBRWTFFYjFlTnNYQnQ1UjU1OFB2TXZCVld0aHJRZXQ?oc=5"" target=""_blank"">DocuSign CEO: No signs of recession in our business</a>&nbsp;&nbsp;<font color=""#6f6f6f"">Yahoo Finance</font>",neutral,Google News
"Stock market today: Dow sinks 900 points, Nasdaq plunges 4% in worst day since 2022 - Yahoo Finance. <a href=""https://news.google.com/rss/articles/CBMiywFBVV95cUxPWDF4S2p2WWstNDVNVzBaYXVfUEtiU0ZNOFRuTlhjXzFMQ0JodjQ5WERzLTlpYU8yN3FwQTJpSGVTYWdQM3B2TlU3bzdmVk9UNGJEWFhMMjNOcWhUaUdBN2RpTWZpNHhDWC16aUhfb29ZRElQTktuSk9UeE5WRG9HQ3hQenFISHBHcF9udTEzRFppSC1CTi0zSHJtaHdCRnhNc204dEZES2tOQzVucFRhQ3ExeGpfNlhJVXVCYXJyZTRrMWhZUlVUZ25KVQ?oc=5"" target=""_blank"">Stock market today: Dow sinks 900 points, Nasdaq plunges 4% in worst day since 2022</a>&nbsp;&nbsp;<font color=""#6f6f6f"">Yahoo Finance</font>",neutral,Google News
"The Wall Street bosses who aren't hitting the panic button on Trump policies despite new worries - Yahoo Finance. <a href=""https://news.google.com/rss/articles/CBMi2AFBVV95cUxOSXEyVnUzOW02WDZPV0MwbXJ6TF8yRmtITEQxcm1IVk5LcVpVeFdhanZCS29oZVlHTkx4MnNldDJ5eU05Q3JMUzMwZ0s0MXF4ejlSWlVSYUdySnNiVlpsV1hwOWNsMmNBbHJUMTc5OHlhWkt0dGdmc2ZKSl9nVW1XTHpncktoNDZwYnd3aGZ3VVFPUkFxRlVZM1l0WmV2enAwVE15bkFfRG5aREdJYW00X0hqMnQxNy1TY0hoUGhxRDZ2ZkhINzVmSks5TlViNEstRndSSUg0eVE?oc=5"" target=""_blank"">The Wall Street bosses who aren't hitting the panic button on Trump policies despite new worries</a>&nbsp;&nbsp;<font color=""#6f6f6f"">Yahoo Finance</font>",neutral,Google News
"Oracle Announces Fiscal 2025 Third Quarter Financial Results - Oracle - Investor Relations. <a href=""https://news.google.com/rss/articles/CBMizgFBVV95cUxNVmtlTUZTdDU5RllGOW16Z0VzckxOVU5vVUpiUjlvOUdFNlVadFpLakczaVBSOHZlQmtjTF9lUF9sdHI3aHJ1NHV2dkE4bkFhV1pES1lJRE5mOUl1ZHVQMm9ub3J4S2tmREZWamk2Z1JiMUJ6QVl1TUJRU1RZWEdUNUg1a0pyUURHa0EyNW9Xc29lT0ZrbkxTOWI1SGJPZVl3ODZWN1o4ZzU0Y1Y2bEEyeWF6TGh1dFBBZ2wzVVp5VnJOREVtd1RMRWUzbkxldw?oc=5"" target=""_blank"">Oracle Announces Fiscal 2025 Third Quarter Financial Results</a>&nbsp;&nbsp;<font color=""#6f6f6f"">Oracle - Investor Relations</font>",neutral,Google News
"Petaluma’s income to ‘dip slightly,’ says finance director - Petaluma Argus Courier. <a href=""https://news.google.com/rss/articles/CBMihwFBVV95cUxOajNtdGFYajllTFJCTVBPSVZ0YUN2T2NTZ295MS1GeU0zZUU2VkY4eU0xWkhYcEtaQTZjbWJ3UXAzcm4zSzEyOE9kVFRNZFd3c29GbnA5ZWtibHZWem9yXzRQa004MmF0M3lRZ0dEVDlZZTdEMmtiUTdDSGRhTFZVdW9jOFI2czg?oc=5"" target=""_blank"">Petaluma’s income to ‘dip slightly,’ says finance director</a>&nbsp;&nbsp;<font color=""#6f6f6f"">Petaluma Argus Courier</font>",neutral,Google News
"Wall Street turmoil rattles retirement savers, turning financial planners into therapists - NBC News. <a href=""https://news.google.com/rss/articles/CBMiqgFBVV95cUxNV2dxOWR5QTBhWkZxTTlHckc0em1QUU1CYUE0SDgxRW9nVDdwZEd6enU0SlZDYnB5ZVM5a2E4ejV2Rm54Q2lUZTFYaUtmT0xYbEdkTlFaaEQxbzI1c2NFYnpDUkl1M1c2VEhiejVzQm5zSDk5c3FwcWFEMnNyUGZjWGZXVk9VaW54VWNUYlZDcEZNbGdqZkNHT0Q3RnRjV2FrWTJBdjlnVEZ1d9IBVkFVX3lxTE9GLWt5bmdiXzZ1VUprbDc1UlBLdU5JalEyWHlSZVBXWUVuV2V3aTE4WWNDcG9ESlg4T1lEbk5zM1hUbHp2ckdNNUdENnJYX0RnMTZmTTN3?oc=5"" target=""_blank"">Wall Street turmoil rattles retirement savers, turning financial planners into therapists</a>&nbsp;&nbsp;<font color=""#6f6f6f"">NBC News</font>",neutral,Google News
"Logan Ridge Finance Corp (LRFC) Q4 2024 Earnings Call Highlights: Record Investment Income and ... - Yahoo Finance UK. <a href=""https://news.google.com/rss/articles/CBMihAFBVV95cUxOalFuUEZKU00xcndEeXF5QlNoOWRsY21sN01JN0V1WTMydkFaZVhNZXJDZElzZjgyWW9QWlhGZFVRcF9XYlpDNTFkcnJKX25xZGljQ2RfRjBWWUg4c3lrQmxvYUMycTNObTBTSGxob3hxM3VhQUJaOFd5S0pPRnlYeGpSMGc?oc=5"" target=""_blank"">Logan Ridge Finance Corp (LRFC) Q4 2024 Earnings Call Highlights: Record Investment Income and ...</a>&nbsp;&nbsp;<font color=""#6f6f6f"">Yahoo Finance UK</font>",neutral,Google News
"Weekly Roundup: 12 Finance Press Releases You Need to See - PR Newswire. <a href=""https://news.google.com/rss/articles/CBMisgFBVV95cUxOYjR6MDJqRnZCU3FjNFJDUnRkRTNpLUtMYzFCdzBfTUM0WnRVWlRlNDdQZjF4YXpxZEIzbnRkakNVSU14TWE3Rkl0YUR6WjdGbnV1S25Ja1A4eVRSaUFnc1YwdDZaZzlwczJQN3c1TUxwNHlyakxraGJzbXpKS2I2Z2tFZzhSZWI5clB0VTYzWmZ5ZDREMjNGNFdsMlR6Vk5CTExwWG5NbzlfbXY2VmhSdFF3?oc=5"" target=""_blank"">Weekly Roundup: 12 Finance Press Releases You Need to See</a>&nbsp;&nbsp;<font color=""#6f6f6f"">PR Newswire</font>",neutral,Google News
"KKR Real Estate Finance Trust Inc. Declares Quarterly Dividend of $0.25 Per Share of Common Stock - Business Wire. <a href=""https://news.google.com/rss/articles/CBMi7AFBVV95cUxNdTh2c2JmRWlxdk1YMUNaYVZxejVTazhoMHZqM3hSVGNvTmZkaUQ5bG1wMnp1ekYwUzFuNl8wOVUtT1dreFlveEFONTNRX19IaWNFVDRFLThTcHhlbS02REFmaHFaaFJsR2pvREFWN25xenBpc2FxNXE1MWlKbHRZRllnR1J2ZmI5dGVXWTczSWtIRHl4UlJ0NzhHalNqMlVMb2h3WS1qYUxUa2lfa0g2ZkNrNU9wQWZyTjdOU3hJbTAyUjBNR3Ixa0tuZjEyRUdPc2tla191ZEhYaFRrREhoTE9TUTZUSjBtMlBQbg?oc=5"" target=""_blank"">KKR Real Estate Finance Trust Inc. Declares Quarterly Dividend of $0.25 Per Share of Common Stock</a>&nbsp;&nbsp;<font color=""#6f6f6f"">Business Wire</font>",neutral,Google News
"Stock market today: Dow, S&P 500 soar, Nasdaq rebounds in best day since November to cap volatile week - Yahoo Finance. <a href=""https://news.google.com/rss/articles/CBMi4wFBVV95cUxON1BwenNoM1V2MmsxQW5kcE1nVzd4dEFKa1BTOXJWVThsbGJyblZ6ZEhfUHJXek9mcExEenRyeThHdDl2MFJuSnNJQUdlQzREMjB2RlN1ckdEb192VmZJQ3RrNVBWd0hCcU9EYVE4b0MyVVlEd2t0M2xkdTlXdEFkakZkeFhQMkUzYnF1WHBobDIwaVRxY2xrdTFtUmdDaFV2THlkaEUxdlpCdEZ0TVR4a0V4cmtjLXphcnZPTUlSRWx3MXNvUUlmbGNYYnNORWxXWkNKaDNNU0ZtZFFNWElvZWRhYw?oc=5"" target=""_blank"">Stock market today: Dow, S&amp;P 500 soar, Nasdaq rebounds in best day since November to cap volatile week</a>&nbsp;&nbsp;<font color=""#6f6f6f"">Yahoo Finance</font>",neutral,Google News
"New chief financial officer named at OSU - Oklahoma Voice. <a href=""https://news.google.com/rss/articles/CBMif0FVX3lxTFBiMFhYNi1IQkYtZU9OX0lSTU5lRW5qTm1PbVdWRWtvZTZZM0EtazVTNmh1QmR2ME5nTjRzOWZjbl9XdEFHZzQ4Z2N4REVaS2c5QkNzNFRmVXZya0VmZE83Y2RwaUFQdXlRZWtiZmFfdzdWLVNGUEc5cXlUTmFoUXM?oc=5"" target=""_blank"">New chief financial officer named at OSU</a>&nbsp;&nbsp;<font color=""#6f6f6f"">Oklahoma Voice</font>",neutral,Google News
"Global Federal Credit Union and First Financial Northwest, Inc. Announce Expected Closing Date for Transaction - GlobeNewswire. <a href=""https://news.google.com/rss/articles/CBMijAJBVV95cUxNbnJuRVQzaGFkRnlCeVZpTzZuVHBFeC1rTDdOVVFtdm9JUEVvdWRhMjdQSU1yUkFKdnByM2NWU1JaUThqY1lJVWZmWHpFcVR5NHJ0M1Z0S1FNN3RaeFAzOVF0SHE0UkdpSXZqMWNQcFd6WF9TTlZWZ0xnSTF2TGQ5OU82NmpiWlJFbFlIcjR5d200V21ZT1JPQUhFeFJlOWM4bG1lQ21KeGpnYjB3MlYzTjMwLUFfT3hXUndSVmhqMUJxYjRrMnF0Z1Z6UGtVZDR5OXRyRlRJZnVhcFZWRVVvQ0YxSlJSWXBpeGlFamhIQURDQnVyOEZkOUR3Q1kxVWktdnlzYzI4NHh4RWls?oc=5"" target=""_blank"">Global Federal Credit Union and First Financial Northwest, Inc. Announce Expected Closing Date for Transaction</a>&nbsp;&nbsp;<font color=""#6f6f6f"">GlobeNewswire</font>",neutral,Google News
"Trump to meet with Senate finance panel as tax talks heat up - Yahoo Finance. <a href=""https://news.google.com/rss/articles/CBMigwFBVV95cUxOLXFxNm02cjNJeG4xVFVGOHhOd0JYbW4zQjA1bGJQTjRSdEFYWkJhaGVjaHJzcTd3elN1cnVyb2RtbHRwejhRR1VBdjhjZnp0YmtJZWZjM01WTXFuZEkzd2lhZDI0b0tsQ19FcDJlMm9DaFJFRlVjY1o4Q0tjYW9COXUtdw?oc=5"" target=""_blank"">Trump to meet with Senate finance panel as tax talks heat up</a>&nbsp;&nbsp;<font color=""#6f6f6f"">Yahoo Finance</font>",neutral,Google News
"Homeownership - Economic Development .... <a href=""https://news.google.com/rss/articles/CBMiakFVX3lxTE1oLVhhS0pSUDlJdGtBam1CTXZDLXhUNmlXNktsNWVwVFBISnlCTDlNbzhYOVFwbGZ1ZW1MVUR2X25NSU11cmNicW5kLUJxUERDcmJRRlZQNmltZE1oSDdxZmJKTXRUdENvT0E?oc=5"" target=""_blank"">Homeownership</a>&nbsp;&nbsp;<font color=""#6f6f6f"">Economic Development ...</font>",neutral,Google News
"Will Trump's trade war tip the US into recession? Yahoo Finance readers have their say - Yahoo Finance UK. <a href=""https://news.google.com/rss/articles/CBMiigFBVV95cUxNWXZBQTAwaXVtTFNSUDV1STBhOFpPdE92YWJBVFQ1UDh2QVZVdy1kM2UtWUwzLVd0MlFSVU1WaklBbk9LVGFfZ2EwTlh0Ym92MnM2N3Zhb21wNlBZbFpOMkRmWl9aZWZpUjVXb3c3RW5ram1MV2xUQjdrTFM1SElrTDdxMmFja29aUWc?oc=5"" target=""_blank"">Will Trump's trade war tip the US into recession? Yahoo Finance readers have their say</a>&nbsp;&nbsp;<font color=""#6f6f6f"">Yahoo Finance UK</font>",neutral,Google News
"South Africa budget 2025: Finance Minister Enoch Godongwana faces political headache - BBC.com. <a href=""https://news.google.com/rss/articles/CBMiWkFVX3lxTE1XN1ZMT2FHbTZqblFIT2dheTZkV0dvbXZ5blBWM21Wc2tscGM3d1NsMGpJVUwyNUxWOUVXTW4xUkdPb2tkN2E4dERsT2gyNzJqWUdxQUFEMDRIUdIBX0FVX3lxTE5zUGhpN0ROQm53SHR3WWxPbmhKSkE2aGF2UjlvdW5DN0IyaWZhMUREbWdrR2pmNU8wODRJXzM5Z21VQVh4ODZleEVZYWZibDRRLWlqU1J1OUMzaC1JWng4?oc=5"" target=""_blank"">South Africa budget 2025: Finance Minister Enoch Godongwana faces political headache</a>&nbsp;&nbsp;<font color=""#6f6f6f"">BBC.com</font>",neutral,Google News
"Don’t get mad, get control of your financial matters - Star Tribune. <a href=""https://news.google.com/rss/articles/CBMipgFBVV95cUxNUUVSdldiRlo2al94V0cxWWxRUFJzNUFkbndqX0lvRk5IVi1PY1RjeWliZVNNTHdicTRBMWRtd1dZdlNzWHQ2TVlmU1pUUG1XRXVKZHh2VVZqb3JCSHBROVBkWE9MV3FiU3pINDUwZ2pPRUpBVktfb0dIY3VJVFREMWZLSHpGazhHX3k3MlJVOXVhRWdHbXM2WFRnSmhBQzBEMmtYeU53?oc=5"" target=""_blank"">Don’t get mad, get control of your financial matters</a>&nbsp;&nbsp;<font color=""#6f6f6f"">Star Tribune</font>",neutral,Google News
"A former stockbroker explains how real estate became his 10-year path to financial freedom after falling behind on retirement savings - Business Insider. <a href=""https://news.google.com/rss/articles/CBMiqgFBVV95cUxPb3B3MnRGY0k4Q3R5cHJYVDNJWXFJU2VyUXdLaGJnQUZSWWMtdzNCSkFReHVPcE1VZjhuSFlUeGNuSkdNd3h5dERJVEQxNzNGRFozUnVYMDQ0eW5JODVSeTVCVFM1d2E4d0hZUktnNmRBZFEtVHZXbzh0a3JwRzFNNzR2UE00bk5ObHdQWF9lZWJlU2paYkI3OXlJS2NGUC1NUzRISEE0UE9pQQ?oc=5"" target=""_blank"">A former stockbroker explains how real estate became his 10-year path to financial freedom after falling behind on retirement savings</a>&nbsp;&nbsp;<font color=""#6f6f6f"">Business Insider</font>",neutral,Google News
"Review of Zoho's Platform for Finance and Ops - The Accounting Technology Lab Podcast - March 2025 - CPAPracticeAdvisor.com. <a href=""https://news.google.com/rss/articles/CBMi4AFBVV95cUxOSTBvVmxKUmthLTRkRllNOXFsMGR4T3NyLTQtMEJGNHRTMEJ5TVhyWHVRVnY2QUFPbDhUVWtUdVg1WjRYS2hSVHE1Yk9KbmdWTEd0eG16N1hqZl9kb0dJa0JlcnRhR1ZYa2Z0N05DcHpvVGJyNk1TZ3FNNDFzc3pTMjlEOFpZT0dMbW9SN2FGTE5Xb2RRWU1sU3NXOFJaVXA4cmQwTHgyQ2dYaERsbHExUGlSV0pEaEJaOEZyYWU0T0Nlbkk3TWpJSHFnTXY4Q3E5Sm5BV2U5ZG5qZFZMR2duMg?oc=5"" target=""_blank"">Review of Zoho's Platform for Finance and Ops - The Accounting Technology Lab Podcast - March 2025</a>&nbsp;&nbsp;<font color=""#6f6f6f"">CPAPracticeAdvisor.com</font>",neutral,Google News
"Tesla China shipments tumble, the latest sign of weakening demand - Yahoo Finance. <a href=""https://news.google.com/rss/articles/CBMirwFBVV95cUxPSE5jWGFaMEhlaHVxOGV1ZlJzaUo2UnJEZTE4QW1uRV9VSVRmcnJsSm8xYnN1UW8wbl9WV3R4bVNLQ1BLbFFISjYtYXR1QnFoaFJBckttNHpqQjhfMnFrUzI3X0xRTUc5SFQ5UzJzMTNVNlQzV1Zvb0RjN19WcjdoOGctVGFQbG1vVTdLUGhaSjJDTlIxenF3eFprWm1Za0FHN1BzOVV1QWRkU2xLQmRV?oc=5"" target=""_blank"">Tesla China shipments tumble, the latest sign of weakening demand</a>&nbsp;&nbsp;<font color=""#6f6f6f"">Yahoo Finance</font>",neutral,Google News
"Philanthropy, blended finance, and the evolving role of NGOs - Devex. <a href=""https://news.google.com/rss/articles/CBMilwFBVV95cUxPSUdZT2NNSFJvX2hjcXJwRGFxNGNDY3Y5Q3BxLWNETUtVRVhSbjAtejZFWVZ4a2xmX3lPWVZoaUtUSzZkd19UdjlodjhfWWtDY2hJcS1jRHZqUlk4TmoxX1lIWmJKdl9LaVIzMkN5b0I4bVZ6LWhzWFFHUVgxcGZuSUF4MmFOVURPdjZRM3pkbE1rd0g3QTRj?oc=5"" target=""_blank"">Philanthropy, blended finance, and the evolving role of NGOs</a>&nbsp;&nbsp;<font color=""#6f6f6f"">Devex</font>",neutral,Google News
"Campaign finance, government ethics, lobbying topic of Tuesday lecture at UT - Toledo Blade. <a href=""https://news.google.com/rss/articles/CBMi8AFBVV95cUxPQmkwNEtpeGVmWFZ6b1ZGMEJMNi1ocVV0UzVMeGNFTWgxbXhHcGtMMjdHY3lkZHBoVGZmd2NISlpMcm03UGU0djI1eVJ5WkhZTUt5QlZ3bEFLTS1ZQUVhMTVFR3VwSHlCUFJfVDhfU2RNSS1VeVJXLUhPSVRvb1V3R0tSdzA0clNfVzRheVN5RDBUR0Y3a2lPZlAtdXVQa002NG9hbjV2azd6V2ZmRWEtQVFfMHcyZUdDSEhwSlJxR3R4YUw4dUJuQkdmTjBmUGJhbjYzNGprbGkzX0NxT090Q2J0UzlQV2duZTRhaDY0Sk4?oc=5"" target=""_blank"">Campaign finance, government ethics, lobbying topic of Tuesday lecture at UT</a>&nbsp;&nbsp;<font color=""#6f6f6f"">Toledo Blade</font>",neutral,Google News
"Jalene Hahn: Read ’em or weep: Financial literacy is a must - The Republic. <a href=""https://news.google.com/rss/articles/CBMinAFBVV95cUxNZl81LXpzd1VnUEVWRDJjU2lsQTBUOUdHeGR1a2NmaTdMN1N5TFNuTVFMTWpLN0F3NjhzZHY1RmQyc0RTYlJrNFBRbk9nRVUtUzVBZTNtVkVmM2Y5aEd6VEhiYVJvNHhQdzFhRWhHTVdjTXVXZTVxWUMtelJFM2JyVmVqa3hvS19Jcmg1dG91Sjd5eHlqSWlEeGVQdEY?oc=5"" target=""_blank"">Jalene Hahn: Read ’em or weep: Financial literacy is a must</a>&nbsp;&nbsp;<font color=""#6f6f6f"">The Republic</font>",neutral,Google News
"Carney Taps Champagne as Finance Minister in Trade War Strategy - Financial Post. <a href=""https://news.google.com/rss/articles/CBMiqgFBVV95cUxOa09xR2VkU3B2c1hlbFNNVUtqenZfN2pmU0k1SWI2ZFprOXR2NWNJVU02UkpQQVFwdTU3cUR3M1hsd3JVRVhSLWxPUGhMYXBxNE5KdFNINzBMNkpVMjVOc0VRUWROb19Rd1pzVkMwVjFRY3JSeUZxZzlQclBneWZ0c1JvVklqQ2tqOUU0Q1prdXIzbjJYU3ZLQk9CVjRGU3lCUTlMNlF1ZnRudw?oc=5"" target=""_blank"">Carney Taps Champagne as Finance Minister in Trade War Strategy</a>&nbsp;&nbsp;<font color=""#6f6f6f"">Financial Post</font>",neutral,Google News
"100 Most Influential Women in Finance - Barron's. <a href=""https://news.google.com/rss/articles/CBMiYEFVX3lxTFBiMlhCb1BUVWdzVTRxN1lRamFlYlhtbDZqbFF1UzhvUDFJSDJpQ2pMdTNTaFdvWHdKeGY4aDlUR0dCb1p6a1NnZmpxbFZvOFFHVnB0VGpFN1N1X1diakFzQw?oc=5"" target=""_blank"">100 Most Influential Women in Finance</a>&nbsp;&nbsp;<font color=""#6f6f6f"">Barron's</font>",neutral,Google News
"TSU pauses search for new president amid financial instability - WSMV 4. <a href=""https://news.google.com/rss/articles/CBMilgFBVV95cUxOcFBxYWR4REZieUJWNS1jd1lOSlpCanZuai1Ta2M1bUJCeXFTSS1WZVVFVk9VVE9rWVNHaTVXYnVCd3U5RWhqdnI5N0lJbEVwQXRFNDJJUG9uQ0YxeWlpQjkzR3FFY1V5MG4tX05STXB3aDhGdHUyLWZ5b3pKbjVzMEpUSm9wZ0xCVXJfc3JRR1BHRVVvbXfSAaoBQVVfeXFMUGRDd2JNYWdiXzBnLXloTzR5TWxfZThIVG5BYXgtMjU3OXpHNVdkc001MnBHUjhpaW5ySmRiZjVycktBSzRHMjBNS0djeGhPYTAyWVZSaFExcTVGOGhGano0cWJRcmdpcEVvSm5NeWM1SjZvczgzSmhKWURTWnBXRWtRZ2otbUVBV3h2b1V5aTd2YUxEUWZNeHZSTGF3Sm84UEVLeDdZRWRQREE?oc=5"" target=""_blank"">TSU pauses search for new president amid financial instability</a>&nbsp;&nbsp;<font color=""#6f6f6f"">WSMV 4</font>",neutral,Google News
"Wall Street says new Intel CEO Lip-Bu Tan is the chipmaker's only shot - Yahoo Finance. <a href=""https://news.google.com/rss/articles/CBMitgFBVV95cUxOekJyMU8yU3A2TVlzWFpmWnBuTHN1MTlKeU5UTTRsU0dkOTBKM0ZSaWVtV205NGNRYlI4SFIwRkFqMnBMM0NRZzNTdWtmWmY3SkRzaDNRWTlqSDRURXRqQkRDUklFSXJnTHZBNi1wbU1sMVRjanFPNTcyc0xGSXgyOUxwRkt4RWppQU1nZklVQ1Z2X3BCYlE1WUtRcmV6R192dF9xYXhhM01mMVR6LVhWV3k4cl91Zw?oc=5"" target=""_blank"">Wall Street says new Intel CEO Lip-Bu Tan is the chipmaker's only shot</a>&nbsp;&nbsp;<font color=""#6f6f6f"">Yahoo Finance</font>",neutral,Google News
"Barron’s 100 Most Influential Women in U.S. Finance: Jennifer Barker - Barron's. <a href=""https://news.google.com/rss/articles/CBMiaEFVX3lxTE01bEU2eDQtNHdhVU42bWswQ29wakh5aU9DTjlETnNzQjZ3UnR1X09GUk96d25sOEhHQ29VbFZ1bmdEYWloWUNKTjBlajA2b3h1dGo4TERCTHBtcmdpNHhxbno1SUZhMmVV?oc=5"" target=""_blank"">Barron’s 100 Most Influential Women in U.S. Finance: Jennifer Barker</a>&nbsp;&nbsp;<font color=""#6f6f6f"">Barron's</font>",neutral,Google News
"How an AI Platform Can Help Finance Leaders Drive Strategy and Growth by Managing Regulatory Compliance - HBR.org Daily. <a href=""https://news.google.com/rss/articles/CBMi0wFBVV95cUxNUjNacXo5Qjd1YTBtV21wd1VXTDh4Q01RcHRpQ3JFRV84bTR2aVBFVjlzOE1qc2Y0eUQ0U3BXbENYTExwalRFSm5Za0RQTENqNmZZTW81djlTc1p4VElNR1dhejJXQl9XV19qSlh1aG9SNXJjMWE4NENILVh5MmVpWmgwb2lqSWxrQzVaUHdHNTNud05iT0RtR1ljMHQ1d0c5R1pILVl3Q1EtTVFqYVZ3Q0Z2MzNra2x1MkZ0UWpwZjlaOGx4d3l4UVVheHpfRUxNM21n?oc=5"" target=""_blank"">How an AI Platform Can Help Finance Leaders Drive Strategy and Growth by Managing Regulatory Compliance</a>&nbsp;&nbsp;<font color=""#6f6f6f"">HBR.org Daily</font>",neutral,Google News
"Nvidia, Tesla slammed as 'Magnificent 7' names lead market lower in Monday washout - Yahoo Finance. <a href=""https://news.google.com/rss/articles/CBMiwwFBVV95cUxOUlpHR0dhcjg1OU9YcjFZWHB6RWlWTmNmdDBqNWpvbzBzaERpam4yUWtxSnV0Z2NWWFZIX3Y1RXJHYm5tQUlveDYxVklnaGxTUEZRY0sxakZHcUxfZkI4TGFoSmlUOTF5dTlaTDRhODFtSnZnTWpzc19NWkVTNjI3bmdRMXJ3R1dmVlZPSFRuR3VBcW0zR2JaSUY3UTc5aFI1SGM3UktWTmg3azY5VnJLcHQxaUZhNHd3Y1VRYW9jVXNWLXM?oc=5"" target=""_blank"">Nvidia, Tesla slammed as 'Magnificent 7' names lead market lower in Monday washout</a>&nbsp;&nbsp;<font color=""#6f6f6f"">Yahoo Finance</font>",neutral,Google News
"Etiquette for sending cash in 2025; finance professor weighs in - FOX 6 Milwaukee. <a href=""https://news.google.com/rss/articles/CBMiigFBVV95cUxNUnpXS3FTTll6YlUyc3lmbXc5TEJqbXUxNVZLUlFySDNxTEx6YWZNRzgzMGZvZmk1cmsxX0hHOUV2SllWajR2LXR2WjhuWDBhZkZTb3dzSDZpQWFoaDNybW1ld1VNeUpZQVRVQ3B2NjBpd19yNEJ0cHVRTFpBbXVOaVl1eVp1YTY1aFHSAY8BQVVfeXFMUDNkRXRSRVA3VG9EV2dQSUVEQUlKeG5EQTYtUzREN1VYZFI4SGRIU3lYNG1vU1N0TnBiczR1X0hTbnpRQ09oMTVCZU11Ulp0YzdFMExEMkJIMFdrZFFCbTc1QnlKSUFSZGZEQ1NtMTFkVkhwQzN5SVVEZjg0YmlOTldKT2JZbGxUTXA2MlRwN1E?oc=5"" target=""_blank"">Etiquette for sending cash in 2025; finance professor weighs in</a>&nbsp;&nbsp;<font color=""#6f6f6f"">FOX 6 Milwaukee</font>",neutral,Google News
"France investigates an employee of the Ministry of Finance for alleged espionage for Algeria - Atalayar EN. <a href=""https://news.google.com/rss/articles/CBMi9wFBVV95cUxPS2V0RlFobDk2WS1HMmk3Mmo5WW9oUlVzY3R5RjZjbEtWQmtFdTQ5QkhUOGl5NU9OZTRqOGVEQmdSMVZJVTlLaFUzdUpTU0ZJOWx4Mm1rU2hBaFkxNDlzZVFneUZOR2dnSXhsNlYwa3BFWU9GUFFXbVBNdnI0OFNRQlFqZDJnMzVZbGNDeS1GY2RPVWg0TnR0M05CZllicmktWHFLVDVDN3YwU2ZFVFFfbi12SE5vTGM5R1lia01nZ3lDSDdBa1cwVFpNZ0twWUVpOFJkdzRkUkVlSm1mMzFfVUt3bzRxNjYwV3RRRXoySXI4dWc3RFhZ0gH8AUFVX3lxTE1acUsxUU0zRVI5MU1GOXlKTnJaWGtadDgzeWd5cmpkNTJqelNTS0Y2YTlzQU04ZHFnYnk2TW1ndVRJQ185TmZua0p2a3dxM3ZSWlIxdTR6enNKV2d0NjZJX01pdzktdksyUFRKcnRRMVk0a3YzVG9jLTZiaVI3ZFB1cVBpSm8tZzF0S252ZTFCckozQ25hZW5nRWdVWWdld0xnS0Z3eVpjUHpHVDUyUVNvUmlHMW1OMnhUNks5YU1pSXJJY0hfREdCemoxbF9RU0E1d0diVDNIVjZOenZCQl90MW1maWxDZW5nZ0I0U0tUMnBEUVhtVk5BaDhDMA?oc=5"" target=""_blank"">France investigates an employee of the Ministry of Finance for alleged espionage for Algeria</a>&nbsp;&nbsp;<font color=""#6f6f6f"">Atalayar EN</font>",neutral,Google News
"How comedian Mo Welch came back from financial rock bottom - Yahoo Finance. <a href=""https://news.google.com/rss/articles/CBMipwFBVV95cUxQWkcxNk9ITWZQYlVaT0p4VWh0dzczQk5qc05RZEw1bmRfOERZYndCWG1uMjZtNVpDV0tORnNmRjhTRjl5OWtDR2QyR0dReUJjSmlOZ0dJOU9PTDBVNlVVSGw5TllNQnptMEM5RnduRmtVYXc4VEoydXRtcGl0QTdSanZNalU5aGxqMzBfMlhVS3d0RW5nRUhONmJqLUYxSEhnUXFvbko1RQ?oc=5"" target=""_blank"">How comedian Mo Welch came back from financial rock bottom</a>&nbsp;&nbsp;<font color=""#6f6f6f"">Yahoo Finance</font>",neutral,Google News
"Trump’s USAid cuts will have huge impact on global climate finance, data shows - The Guardian. <a href=""https://news.google.com/rss/articles/CBMixwFBVV95cUxPc09qY0VVejZZb2h4Z1NNUVJCUjMzQjYtZ283Yld2c2c3U1Y5bjliajBuQVlTRmMzU1NTQi1uRHZyUVNnMl9KUnJHamo5SnE0N2JEQ1NDcjlJRlBPZ1Z5RjFnN2lZcDlLT21GVlJlemhkUjRvcnNJRy1WVnFKOTV5LU5jZHFuUVJTOEZiU0d1RGs3MVFCc0VWVFBKZDgyeWJJRWU3WjBMYXFuY1FiNkNpQjVRRnlEU2F5MDZlT1ZQWkUxMHNKenMw?oc=5"" target=""_blank"">Trump’s USAid cuts will have huge impact on global climate finance, data shows</a>&nbsp;&nbsp;<font color=""#6f6f6f"">The Guardian</font>",neutral,Google News
"Barron’s 100 Most Influential Women in U.S. Finance: Ulrike Hoffmann-Burchardi - Barron's. <a href=""https://news.google.com/rss/articles/CBMidkFVX3lxTE0tcS1aMlVkLUI5LVZyV3p2ODZ3U3BwTzVTVF95TmQwNHgtc1FfajBUT1dDaGpKZ3czSkdZYlE5X3pqVXVTdWhxWWNMaFJRZ2h1WXZfWXllOUNCSWw4U1pSQUJCV2xZWTNQa09HT0JvYnhvVERHenc?oc=5"" target=""_blank"">Barron’s 100 Most Influential Women in U.S. Finance: Ulrike Hoffmann-Burchardi</a>&nbsp;&nbsp;<font color=""#6f6f6f"">Barron's</font>",neutral,Google News
"Standard Chartered's Transition Plan: Energy and Finance - Energy Digital. <a href=""https://news.google.com/rss/articles/CBMikwFBVV95cUxNOElPYm9wSTFYSkZfYjhvNlVlc1dWUWRqOS00NmhMLUJmY2lSUXlmS1RrU1ZFcmpYaVZ5bWxHVzYtd0FqOWxOOHljanpEanRLdkFHSmNBcHBSYTIxRzdNTElZUjAyNVlMclBpSzVJMkNPZHZ4N01mWVZjcHpweVRfNnNzLVhFTWE1Nk1QTWNPSkFmVXM?oc=5"" target=""_blank"">Standard Chartered's Transition Plan: Energy and Finance</a>&nbsp;&nbsp;<font color=""#6f6f6f"">Energy Digital</font>",neutral,Google News
"Goldman Sachs slashes US economic forecasts as tariff impacts grow 'considerably more adverse' - Yahoo Finance. <a href=""https://news.google.com/rss/articles/CBMi1AFBVV95cUxPUzg3aUVDMnZtcl92cWN2UjZMcFZEcElEZmQxc09rVlh6Wkp3UGZKcEV0NzVpOFRPdTRDVFJPUlh3WXg4Zl9TSVZRQjFYZ1QtQTVHdWlLenVkbzMwc1RBdXdlbVM1cndiQWM3SDFfV0VjbEh4N1RYdEdKbGRidGxFMDdtajFmYTRrNnp5bGlBUHpRa0hCWXJ6YmVWeWE2U3RMV2VaVU9OSG5OdkpDOUFoZVozYnRUMDlZeERLZnNXREotTGU0YWpVdlhQUmNHSzZ1Q3ZGbw?oc=5"" target=""_blank"">Goldman Sachs slashes US economic forecasts as tariff impacts grow 'considerably more adverse'</a>&nbsp;&nbsp;<font color=""#6f6f6f"">Yahoo Finance</font>",neutral,Google News
"Mastercard partners with CredibleX to empower SMEs with enhanced access to financing - Finovate. <a href=""https://news.google.com/rss/articles/CBMiqgFBVV95cUxNaGIxYzhOUms0UlZFeTVHelB3alFqbkRKQ0pkTWNZOWRsMEtIQ1drc1V0QmpCRURqWURJUmxpeDh5bTIyR3h5WTdDMk9RSWo1RUlwX2U4b3NkTGQzN0xjeUszRmFaRVlZcHlLWGFPVkJWZE4zSlpDa2ZTNGpITGt5aVJsZEJfM21rM05uNEdvZ19ZclZ0WjAxaGJsUGtlcHF2bTdZWUw0cU5CUQ?oc=5"" target=""_blank"">Mastercard partners with CredibleX to empower SMEs with enhanced access to financing</a>&nbsp;&nbsp;<font color=""#6f6f6f"">Finovate</font>",neutral,Google News
"Critics of taxes, media, vaccines, foreigners attack Finance Ministry - 朝日新聞. <a href=""https://news.google.com/rss/articles/CBMiVkFVX3lxTE53SVJrdzRobkxETnhKZjlUdVRnRmZ1SDBIWmVnQ0NMbk5RRXZHa0Y0blU0b0dtb3hzZlJCazA0ZWZtcnc3OVRRSzBlZnY2TkNnamJVSEFR?oc=5"" target=""_blank"">Critics of taxes, media, vaccines, foreigners attack Finance Ministry</a>&nbsp;&nbsp;<font color=""#6f6f6f"">朝日新聞</font>",neutral,Google News
"The one-dollar rule: How a personal finance expert justifies any purchase - TheStreet. <a href=""https://news.google.com/rss/articles/CBMitgFBVV95cUxOUGhWYTJ2MWJVMG1HZ0pnN0hGUWFseDBsbTZkYnVBcVE0d21DemhfVWQzTktpcDJwYzU1Z2d0My01TFRGMjFjaWJPVW51WnBQWElhbnJYQkZkTHdSbmE5YlNzS2puYnNhamdRcjUySUFranFEZER1a245Ui1oVUxEbUhMVV90a0lDQXR5ZDU2elJnbllDc2RBckFNSXVKcFFmZXJtTXJwTFVVLUtJT2tFdjRlNERzdw?oc=5"" target=""_blank"">The one-dollar rule: How a personal finance expert justifies any purchase</a>&nbsp;&nbsp;<font color=""#6f6f6f"">TheStreet</font>",neutral,Google News
"District presents amended budget, welcomes new finance director - Southernminn.com. <a href=""https://news.google.com/rss/articles/CBMi_gFBVV95cUxNMHplNnFyOHpXV19MVzBKMEVsLTE0a2pWZ3pjekpPbHNzRmo0UXNicmNYVC10Ym1uZUE4d2tMSEdUOWExWXR2MkRYaVBvcFJJX1ZTMWlDdHBDdGdXaEZTSFd1cWtjN0VWY2h0U3Z6amszZHY4bHJ5S1FDOWNaTUhnUVA0R01tcW5wUU1sMEpOODBiYUVRdHFqWFNxYm1nekwycHBITHBwcHlwenB1MXg4aGtGb1VpaGtKbEpscko3dlNUT2R4VHlhb1JUTTVIOFktOEV2VU1haHo4VlJ4RFVVRkNMdV9EXzZTVTJwMVBTbjlfaE55YVgzdUFWYnJCUQ?oc=5"" target=""_blank"">District presents amended budget, welcomes new finance director</a>&nbsp;&nbsp;<font color=""#6f6f6f"">Southernminn.com</font>",neutral,Google News
"Barron’s 100 Most Influential Women in U.S. Finance: Anat Ashkenazi - Barron's. <a href=""https://news.google.com/rss/articles/CBMiZ0FVX3lxTE0tSGgtNnhqTTl6ZFNhU05meGt2VUZDaENWTEVJeDF6a2lQODZINVAyN2lqMGM1ZU5sdGVFaHRxUC1xVEdGYy1HT1lRMEVCTjVhbnpBSGdITG5NVHN6a3FYb1RWOS1aLTA?oc=5"" target=""_blank"">Barron’s 100 Most Influential Women in U.S. Finance: Anat Ashkenazi</a>&nbsp;&nbsp;<font color=""#6f6f6f"">Barron's</font>",neutral,Google News
"Bitter chocolate: The fallout of a poorly planned promo on Chocolate Finance's reputation - Campaign Asia. <a href=""https://news.google.com/rss/articles/CBMiwAFBVV95cUxOeXQ2SW9vQnd1UHhOM0s5NUp3eUxvU25HT2UzRDNaM3JjYlJ6MllYWllmZHZVSE4yZzZKZ0ZqYWFKd2tENGRoY1JyTUtfTkprb0J3SVBPVTZjd0hMWjNSRXBvek1JRk5yWThnVU0zSnF0VkdmdDE2MVNDUE14eElhcEl0RjhyWmxQQzUzOFpPVWpIc3F6TEtDRDlCdDJnWUZRZzRRZjByNkxBNkpyZndHY1JkaXYyelhWZXJuYmVYc0Y?oc=5"" target=""_blank"">Bitter chocolate: The fallout of a poorly planned promo on Chocolate Finance's reputation</a>&nbsp;&nbsp;<font color=""#6f6f6f"">Campaign Asia</font>",neutral,Google News
"Finance Committee Reviews School Capital Requests - CapeNews.net. <a href=""https://news.google.com/rss/articles/CBMi1AFBVV95cUxNbkh6bGlfYUgtUnBBZng4d29JSWVCUnFvLVJkY1Y0MnFqeHlDQlBnX21WSnlwMkdEOU15Y1FvMFFsVmdtcmVVX05rVHJuSmRyLW1SMmpzYWoySll0b0ItU0FxRE5KcUtDUnRGSTFZbFh6WjVqSkNvdkJWMk1WTE5Qc0tMdlYyOXEwenlXX3ZyWEtZMzA3VlpTUGxYeGRBZ1E2TTF2TlVEZWlLNnRielh2RmpFLUM5aGp0M0dvLTE5ME1ybHVSTGUxamJtMHQ5UzQzR2JYRg?oc=5"" target=""_blank"">Finance Committee Reviews School Capital Requests</a>&nbsp;&nbsp;<font color=""#6f6f6f"">CapeNews.net</font>",neutral,Google News
